id,公司中文简称,行业名称,信用得分,信用等级,公司中文全称,公司英文全称,上市公司经营性质编码,公司成立日期,成立年限,法人代表,注册资本,注册资本货币编码,公司办公地址,主营业务,公司经营范围,existing,recommended,invite
430070,太一云,制造业,642,较高,北京太一云技术股份有限公司,"Beijing suryee Intelligent Technology Co., Ltd.",私营企业,9/3/2006,13,邓迪,45000000,CNY,北京市海淀区学院路30号1区方兴大厦701、702室,区块链技术相关的技术开发、技术服务与应用等。,技术开发、技术转让、技术咨询、技术服务；计算机技术咨询服务、计算机软硬件、网络科技、网络技术、通讯工程、网络工程、电子计算机与电子技术信息研制、开发、销售；金属及非金属新材料、光机电一体化、环保设备、水处理设备、净水设备、超纯水设备及水处理相关配件的设计,TRUE,FALSE,FALSE
430077,道隆软件,信息传输、软件和信息技术服务业,660,较高,北京道隆华尔软件股份有限公司,"DW Soft Co., Ltd.",私营企业,6/3/2006,13,鲁巍,21938700,CNY,北京市海淀区西直门北大街60号首钢国际大厦709室,电信行业应用软件的研发、销售与技术服务。,应用软件服务;基础软件服务;技术开发、技术推广、技术转让、技术咨询、技术服务;销售自行开发的产品、软件;市场调查、经济贸易咨询;企业管理咨询;企业策划、设计;计算机系统服务。(未取得行政许可的项目除外),TRUE,FALSE,FALSE
430082,博雅科技,制造业,642,较高,北京博雅英杰科技股份有限公司,"Beijing Boya-yingjie Science and Technology Co., Ltd.",私营企业,5/11/2007,12,秦野,77980000,CNY,北京市海淀区上地三街9号嘉华大厦D座1102室,政府管理信息化系统、物联网信息系统、电脑量刑软件等软件产品的研发、销售。,"无人机、无人驾驶航空器、无人船、智能机器人、无线电数据传输系统、航空、测控、通讯、遥感遥测传输、拉曼光谱产品、组合导航定位产品、公共安全系统及专用设备、自动控制技术、军用、警用装备产品(含警用安防器材相关产品)的技术开发、技术推广、技术转让、技术咨询、技术服务、技术中介服务;数据处理(数据处理中的银行卡中心、PUE值在1.5以上的云计算数据中心除外);基础软件服务;应用软件服务;销售计算机、软件及辅助设备、电子产品、自行开发的产品;销售医疗器械I、II类;五金交电(不从事实体店铺经营);文化用品、通讯设备;产品设计;计算机系统集成;货物进出口、技术进出口、代理进出口;工程设计;销售食品。(企业依法自主选择经营项目,开展经营活动;销售食品、工程设计以及依法须经批准的项目,经相关部门批准后依批准的内容开展经营活动;不得从事本市产业政策禁止和限制类项目的经营活动。)。",TRUE,FALSE,FALSE
430090,同辉信息,信息传输、软件和信息技术服务业,710,高,同辉佳视(北京)信息技术股份有限公司,"Tonghuijiashi (Beijing) Information Technology Co., Ltd.",私营企业,31/7/2008,11,戴福昊,40498500,CNY,北京市海淀区清河毛纺路临57号院北楼,提供商用显示解决方案，为客户配套设备、完成相关的开发与应用，商用显示器的销售。,许可经营项目：无。一般经营项目：技术开发；技术推广；销售开发后的产品、电子产品。,TRUE,FALSE,FALSE
430108,精耕天下,制造业,642,较高,北京精耕天下农业科技股份有限公司,"Beijing JingGeng TianXia Agricultural Science and Technology Co.,Ltd.",私营企业,13/11/2008,11,姚世忠,64790000,CNY,北京市昌平区科技园区华通路11号,"主要生产、销售生物肥料、生物有机肥料等产品,提供肥料技术开发、转让等劳务",许可经营项目(以下项目限分支机构经营):生产生物肥料、生物有机肥料、水溶肥料、土壤调理剂。一般经营项目:肥料技术开发、技术转让、技术咨询、技术服务;环保项目设备技术开发、技术转让、技术咨询、技术服务;销售肥料、土壤调理剂、化学试剂、农药(不含危险化学品)、饲料、机械设备;专业承包;货物进出口、技术进出口、代理进出口;种植农作物;租赁建筑工程机械及设备。,TRUE,FALSE,FALSE
430109,中航讯,制造业,592,中,北京中航讯科技股份有限公司,"Beijing CIC Technology Co., Ltd.",私营企业,7/12/2007,12,李英和,53618000,CNY,北京市海淀区知春路56号西区64楼第7层708房间,智能公交和智慧环卫,"技术开发、技术转让、技术咨询、技术服务;计算机技术培训(不得面向全国招生);工程勘察设计;建设工程项目管理;机械设备租赁(不含汽车租赁);劳务派遣;专业承包;销售机械设备、五金、交电、家用电器、计算机、软件及辅助设备、电子产品、通讯设备、汽车(不含九座以下乘用车);货物进出口、技术进出口、代理进出口。计算机系统集成。(依法须经批准的项目,经相关部门批准后依批准的内容开展经营活动。)",TRUE,FALSE,FALSE
430110,百拓科技,信息传输、软件和信息技术服务业,710,高,百拓商旅(北京)网络科技股份有限公司,"Baitour Business Travel(Beijing)Network Technology Co., Ltd.",私营企业,26/2/2008,11,刘连春,5617978,CNY,北京市西城区黄寺大街甲23号1号楼12层1203室,"在线机票预订,为机票代理企业提供国内机票系统平台并收取平台系统服务费",许可经营范围:因特网信息服务业(除新闻、出版、教育、医疗保健、药品、医疗器械和BBS以外的内容)一般经营项目:计算机系统服务;公共软件服务;技术推广服务;数据处理;经济信息咨询;设计、制作、代理、发布广告。,TRUE,FALSE,FALSE
430111,北京航峰,制造业,651,较高,北京航峰科伟装备技术股份有限公司,"Beijing Hang Feng Ke Wei Equipment Technology Co., Ltd.",私营企业,19/7/2007,12,邓可,41062090,CNY,北京市丰台区大成路6号金隅大成时代写字楼24F,绕航空专用保障装备制造和维护服务技术推广,许可经营项目:组装油液净化设备、测控机箱(限分支机构经营)。一般经营项目:技术开发;技术转让;技术咨询;技术服务;技术中介服务;货物进出口;技术进出口;代理进出口。,TRUE,FALSE,FALSE
430113,中交远洲,信息传输、软件和信息技术服务业,524,低,中交远洲信息技术(北京)股份有限公司,"CHINAROADS Information Technology(Beijing) Co., Ltd.",私营企业,16/8/2006,13,曹文宏,5000000,CNY,北京市海淀区东北旺北京中关村园软件园孵化器1号楼C座1323号,"公路信息化建设领域的软件开发、系统集成及技术服务,业务范围涵盖公路建设、运营及后期养护等各个阶段,具体包括公路工程建设信息化应用软件开发及技术服务;智能交通应用软件开发、系统集成及技术服务;公路养护信息化系统等","信息技术开发、计算机软硬件技术开发、技术转让、技术咨询(中介除外)、技术服务、技术培训(不得面向全国招生);加工、销售计算机软硬件;销售机械设备。(企业依法自主选择经营项目,开展经营活动;依法许经批准的项目,经相关部门批准后依批准的内容开展经营活动;不得从事本市产业政策禁止和限制类型项目的经营活动。)",TRUE,FALSE,FALSE
430131,伟利讯,信息传输、软件和信息技术服务业,682,较高,北京伟利讯信息技术股份有限公司,"Beijing Vsoon Information and Technology Co., Ltd.",私营企业,18/12/2006,13,王鸿飞,20000000,CNY,北京市朝阳区酒仙桥路乙21号国宾大厦F3-1室,设计、实施企业级通讯解决方案并进行后续维护。,技术服务；软件设计；销售通讯设备、计算机、仪器仪表；施工总承包；专业承包。,TRUE,FALSE,FALSE
430136,国顺股份,制造业,725,高,北京国顺投资股份有限公司,"Beijing Suitable Investment CO.,LTD.",私营企业,21/8/2008,11,冯军,35000000,CNY,北京市西城区西直门南大街2号A20G-J,烟气净化与能源综合利用领域的技术服务、系统设计、设备整套供货、工程承包、设备投资管理,项目投资;投资咨询;新能源发电系统的技术开发、技术咨询、技术服务、技术转让;专业承包;环保技术开发、咨询、服务、转让、培训;合同能源管理;销售环保设备;技术进出口;货物进出口;代理进出口;制造环保设备。,TRUE,FALSE,FALSE
430147,中矿龙科,制造业,524,低,中矿龙科能源科技(北京)股份有限公司,"Zhongkuang Longke Energy Technology Co., Ltd.",私营企业,1/8/2008,11,赵世纯,61483000,CNY,北京市顺义区竺园路12号院天竺综合保税区泰达融科园37号楼,电气设备健康管理专家系统、智能化设备制造、特种医药和电子分析级溶剂及其废液回收处理,许可经营项目：机械设备制造；生产煤尘、瓦斯防治系列产品（限分支机构经营）；一般经营项目：技术开发、技术推广、技术转让、技术咨询、技术服务；基础软件服务；应用软件服务；计算机系统集成；销售机械设备、电子产品、计算机、软件及辅助设备、化工产品（不含危险化学品及一类易制毒化学品）；货物进出口、技术进出口、代理进出口。（未取得行政许可的项目除外）,TRUE,FALSE,FALSE
430161,光谷信息,信息传输、软件和信息技术服务业,660,较高,武汉光谷信息技术股份有限公司,"Wuhan Optics Valley Information Technologies Co., Ltd.",私营企业,20/8/2007,12,姜益民,32000000,CNY,湖北省武汉市东湖开发区高新大道888号高农生物园总部A区19#楼,软件产品、信息系统集成服务,信息系统集成;应用软件开发;IT外包服务;土地登记咨询;地理信息系统工程:地理信息数据采集、地理信息数据处理、地理信息系统及数据库建设、地理信息软件开发;工程测量:控制测量、地形测量、规划测量、建筑工程测量、市政工程测量、线路与桥隧测量、矿山测量;不动产测绘:地籍测绘;第二类增值电信业务中的信息服务业务(不含互联网信息服务);广告设计、制作、代理、发布;会议会展服务;货物进出口、技术进出口、代理进出口(不含国家禁止或限制进出口的货物或技术)。,TRUE,FALSE,FALSE
430165,光宝联合,信息传输、软件和信息技术服务业,719,高,光宝联合(北京)科技股份有限公司,"Guangbao-Uni(Beijing)Co., Ltd.",私营企业,12/1/2006,13,汪海滢,39621000,CNY,北京市海淀区学院路甲5号1幢三层1#厂房西区1-016室,无线增值服务，即：与电信运营商合作，借助电信运营商的网络通道，通过短信、彩信、WAP、手机报、手机阅读和手机游戏等形式为用户提供多样化的信息和娱乐服务。,"技术开发、技术转让、技术咨询、技术服务、技术培训;软件开发;电脑动画设计;销售计算机、软件及辅助设备、自行开发后的产品、电子产品、家具、五金交电、机械设备、日用品、工艺品、家用电器、医疗器械I、II类、化妆品、卫生用品、文化用品、体育用品、通讯设备、服装鞋帽、眼镜、箱包、玩具、乐器、礼品、小饰品、经济作物;承办展览展示活动;会议服务;组织文化艺术交流活动(不含营业性演出);设计、制作、代理、发布广告;健康管理、健康咨询(须经审批的诊疗活动除外);计算机系统集成;经济贸易咨询;第二类增值电信业务中的信息服务业务(不含固定网电话信息服务和互联网信息服务);从事互联网文化活动;销售食品。(企业依法自主选择经营项目,开展经营活动;依法须经批准的项目,经相关部门批准后依批准的内容开展经营活动;不得从事本市产业政策禁止和限制类项目的经营活动)。",TRUE,FALSE,FALSE
430169,融智通,信息传输、软件和信息技术服务业,524,低,融智通科技(北京)股份有限公司,"Rong Zhi Tong Technology (Beijing) Co.,Ltd.",私营企业,6/6/2008,11,管明尧,50055000,CNY,北京市海淀区上地东路5-2号京蒙高科B座818-819室,"软硬件的销售,提供技术开发、技术咨询和技术服务等","技术开发、技术转让、技术咨询、技术服务;计算机系统服务;计算机维修;数据处理(数据处理中的银行卡中心、PUE值在1.5以上的云计算数据处理除外);基础软件服务;应用软件服务;产品设计;销售通讯设备、计算机、软件及辅助设备、电子产品、机械设备、自行开发后的产品(企业依法自主选择经营项目,开展经营活动;依法须经批准的项目,经相关部门批准后依批准的内容开展经营活动;不得从事本市产业政策禁止和限制类项目的经营活动)",TRUE,FALSE,FALSE
430170,金易通,制造业,524,低,金易通科技(北京)股份有限公司,"Jinyitong Sci. & Tech. Beijing Co., Ltd",私营企业,12/2/2009,10,常建勇,67062002,CNY,北京市海淀区清华东路16号3号楼中关村能源与安全科技园0402室,煤炭洗选设备的研发、生产、销售和全方位技术解决方案,许可经营项目：无；一般经营项目：技术开发、技术推广、技术转让、技术服务；专业承包；销售通用设备、专用设备、电气机械；货物进出口（未取得行政许可的项目除外）,TRUE,FALSE,FALSE
430171,电信易通,信息传输、软件和信息技术服务业,592,中,北京电信易通信息技术股份有限公司,"Beijing Telecom Easiness Information Technology Co., Ltd.",私营企业,12/2/2009,10,文彬,10000000,CNY,北京市海淀区北蜂窝2号中盛大厦1109室,通信行业的系统集成、行业应用、技术服务以及设备销售。,"许可经营项目:无;一般经营项目:技术开发,技术咨询,技术服务;计算机技术培训;销售通讯设备,计算机,软件及辅助设备,五金交电;计算机系统服务;生产,加工计算机软、硬件;设计,制作,代理,发布广告;经济贸易咨询。(未取得行政许可的项目除外)",TRUE,FALSE,FALSE
430174,沃捷传媒,租赁和商务服务业,598,中,北京沃捷文化传媒股份有限公司,"Beijing Voyage Media Co., Ltd.",私营企业,10/3/2009,10,王洋,204605609,CNY,北京市东城区朝阳门北大街8号富华大厦F座14层A室,为客户提供户外传播的整体解决方案和一站式服务,许可经营项目：无；一般经营项目：组织文化艺术交流活动（不含演出）；设计、制作、代理、发布广告；企业策划；公共关系服务；承办展览展示。,TRUE,FALSE,FALSE
430175,科新生物,制造业,583,中,上海科新生物技术股份有限公司,"Shanghai Kexin Biotech Co., Ltd.",私营企业,24/4/2008,11,包骏,52500000,CNY,上海市张江高科技园区哈雷路1011号501室A区,自身免疫性疾病体外诊断试剂的研发、生产、销售及生物技术服务。,"许可经营项目：医用体外诊断试剂的生产,临床检验分析仪器（含医疗器械体外诊断试剂）的销售。一般经营项目：生物试剂的研发及相关的技术服务、技术咨询、技术培训，生化试剂（除药品、危险品）的销售，从事货物与技术的进出口业务。",TRUE,FALSE,FALSE
430176,中教股份,信息传输、软件和信息技术服务业,539,低,北京中教启星科技股份有限公司,"China Education Star Technology Co.,Ltd.",私营企业,23/3/2006,13,王天祥,60309719,CNY,北京市海淀区上地十街1号院3号楼1107号,基础教育领域现代教育技术产品及服务。,"技术开发、技术转让、技术咨询、技术服务、技术培训;销售计算机、软件及辅助设备、文化用品、机械设备、仪器仪表、电子产品、通讯设备、医疗器械I类;产品设计;计算机系统服务;数据处理;计算机维修;基础软件服务、应用软件服务;货物进出口、技术进出口;组织文化艺术交流活动;会议服务、承办展览展示活动。(企业依法自主选择经营项目,开展经营活动;依法须经批准的项目,经相关部门批准后依批准的内容开展经营活动;不得从事本市产业政策禁止和限制类项目的经营活动。)",FALSE,FALSE,TRUE
430178,白虹软件,信息传输、软件和信息技术服务业,524,低,上海白虹软件科技股份有限公司,"Shanghai Baihong Soft Technology Co., Ltd.",私营企业,26/8/2009,10,胡力和,59411500,CNY,上海市浦东新区张衡路500弄8号101、201、209室,"网络安全软件,主做该类产品的开发、销售及相关技术服务。","计算机软件、计算机硬件、通讯设备、通讯技术、信息技术、数码技术、网络技术专业领域内的技术开发、技术咨询、技术服务、技术转让,计算机网络系统集成,信息系统集成,计算机系统服务,网络工程,计算机软、硬件及辅助设备、通讯设备、办公产品、办公家具、电子产品、仪器仪表、五金交电的销售,图文设计、制作,广告设计、制作,利用自有媒体发布,自有设备的租赁,从事货物及技术的进出口业务。",FALSE,FALSE,TRUE
430190,新瑞理想,信息传输、软件和信息技术服务业,592,中,北京新瑞理想软件股份有限公司,"Beijing New Century Software Co., Ltd.",私营企业,28/7/2006,13,王维马,17547000,CNY,北京市海淀区西直门北大街甲43号1号楼1628室,管理软件的开发、销售和服务,"一般经营项目:技术开发。(法律、行政法规、国务院决定禁止的,不得经营;法律、行政法规、国务院决定规定应经许可的,经审批机关批准并经工商行政管理机关登记注册后方可经营;法律、行政法规、国务院决定未规定许可的,自主选择经营项目开展经营活动)",FALSE,FALSE,TRUE
430194,锐风行,文化、体育和娱乐业,660,较高,北京锐风行艺术交流股份有限公司,"Beijing Chinareel Art Exchange Co., Ltd",私营企业,20/7/2009,10,张磊,24122100,CNY,北京市西城区三里河一区三号院三号楼一层底商,公共信息传播设计类产品与服务、电影电视内容的设计与制作、政府公共形象设计以及相关大型活动策划执行等。,文艺创作;设计、制作、代理、发布广告;翻译服务;打字;经济贸易咨询;企业策划、设计;承办展览展示活动;技术推广服务;会议服务;摄影扩印服务;家庭劳务服务;市场调查;电脑动画设计;机械设备租赁;计算技术培训。(未取得行政许可的项目除外)。,FALSE,FALSE,TRUE
430200,时代地智,信息传输、软件和信息技术服务业,592,中,武汉时代地智科技股份有限公司,"Wuhan Times Geosmart Science and Technology Stock Co., Ltd.",私营企业,13/3/2006,13,夏震,5000000,CNY,湖北省武汉东湖新技术开发区光谷大道77号金融港后台服务中心一期A3栋7层,油田勘探开发软件的研发、销售及相关技术服务。,油气能源及矿产勘探开发技术研发与服务;油气能源及矿产配套设备的研制、销售与技术服务;计算机软件技术研发、转让与服务;计算机软硬件产品研制与销售;信息化建设、物联网技术服务与系统集成;软硬件代理服务。(上述范围中国家有专项规定的项目经审批后或凭许可证在核定期限内经营);许可经营范围,FALSE,FALSE,TRUE
430208,优炫软件,信息传输、软件和信息技术服务业,607,较高,北京优炫软件股份有限公司,"Beijing Uxsino Software Co., Ltd.",私营企业,13/2/2009,10,梁继良,46850000,CNY,北京市海淀区知春路6号锦秋国际大厦B座702,信息安全软件产品的研发、生产、销售及提供相关技术服务。,技术开发、技术推广、技术转让、技术咨询、技术服务;计算机系统服务;计算机维修;销售计算机、软件及辅助设备、电子产品、文化用品、机器设备、五金、交电、通讯设备。,FALSE,FALSE,TRUE
430210,舜能润滑,制造业,524,低,天津舜能润滑科技股份有限公司,"Tianjin Sure Energy Lubrication Technology Co., Ltd.",中外合资,1/12/2008,11,谢平,81700000,CNY,天津市滨海高新技术产业开发区兰苑路2号(贰号)2号楼16层,润滑材料、润滑油脂及陶瓷金属耦合剂的研究、开发、生产、销售和技术服务。,"生产和销售润滑材料、润滑油脂、陶瓷金属耦合剂。(以上经营范围涉及行业许可的凭许可证件,在有效期限内经营,国家有专项专营规定的按规定办理)。",FALSE,FALSE,TRUE
430217,掌众科技,租赁和商务服务业,778,高,深圳掌众智能科技股份有限公司,"Shenzhen Zhangzhong Intelligent Technology Co., Ltd.",私营企业,17/1/2006,13,袁春,137275513,CNY,上海市浦东新区张衡路180弄2号楼5楼C室,移动互联网广告平台运营和移动互联网广告营销。,"文化艺术交流策划,计算机软硬件的研发、销售,系统集成,以上相关技术服务和技术咨询。(依法须经批准的项目,经相关部门批准后方可开展经营活动)。",FALSE,TRUE,TRUE
430223,亿童文教,文化、体育和娱乐业,778,高,武汉亿童文教股份有限公司,"Wuhan Allkids Culture and Education Co., Ltd",私营企业,30/5/2008,11,陈先新,150000000,CNY,湖北省武汉市洪山区书城路40号亿童大厦,幼儿教育产品的研发和推广。,"教育设备产品、文化用品、玩具、教具、儿童生活用品的研发、制造及销售;教育咨询;互联网信息服务;文化活动的策划;室内外环境工程设计、施工,货物或技术的进出口;图书、音像制品和电子出版物总发行;对教育项目的投资;影视、动画制作及发行;幼儿教育素质培训。(依法须经审批的项目,经相关部门审批后方可开展经营活动)",FALSE,TRUE,TRUE
430224,网动科技,信息传输、软件和信息技术服务业,763,高,北京网动网络科技股份有限公司,"Beijing Iactive Network Co., Ltd.",私营企业,18/2/2009,10,李明,18000000,CNY,北京市海淀区上地信息产业基地上地东路35号1号楼5层523单元,网动云视讯平台产品销售、网动云视讯平台运营服务。,许可经营项目：第二类增值电信业务中的信息服务业务（仅限互联网信息服务，互联网信息服务不含新闻、出版、教育、医疗保健、药品和医疗器械、电子公告服务）（电信与信息服务业务经营许可证有效期至2014年7月14日）。一般经营项目：技术服务、技术咨询、技术转让、技术推广、技术开发；基础软件服务；应用软件服务；产品设计；销售计算机、软件及辅助设备；计算机维修；计算机系统服务。（未取得行政许可的项目除外）。,FALSE,TRUE,TRUE
430225,伊禾农品,农、林、牧、渔业,666,较高,上海伊禾农产品科技发展股份有限公司,"Shanghai Esenagro Products and Technology Development Co., Ltd.",私营企业,8/6/2006,13,蒋佳,105000000,CNY,上海市长宁区仙霞路345号14A室,农产品的种苗培育、种植基地管理、冷链保鲜和流通销售,农业科技领域内术开发、技术转让、技术服务、技术咨询。销售食用农产品（不含生猪食 ），批发非实物方式；预包装食品（不含熟食卤味、冷冻藏），从事货物及技术的进出口业务。（涉及行政许可的，凭许可证件经营） 。,FALSE,TRUE,TRUE
430227,东软慧聚,信息传输、软件和信息技术服务业,583,中,北京东软慧聚信息技术股份有限公司,"Beijing Neusoft Huiju Information Technology Co., Ltd",国营或国有控股,15/5/2007,12,荣新节,30000000,CNY,北京市海淀区西北旺东路10号院东区22号楼420、422室,ERP咨询服务业务、ERP运维服务业务、软硬件产品销售业务,许可经营项目：专业承包。一般经营项目：技术开发、技术咨询、技术服务、技术推广、技术转让；计算机系统服务；基础软件服务；应用软件服务；数据处理；销售自行开发后的产品、计算机、软件及辅助设备。（未取得行政许可的项目除外）,FALSE,TRUE,FALSE
430229,绿岸网络,信息传输、软件和信息技术服务业,778,高,上海绿岸网络科技股份有限公司,"Shanghai Greenshore Network Technology Co., Ltd.",私营企业,28/11/2008,11,许帆,10455373,CNY,上海市浦东新区康桥镇康士路23号2010室,网络游戏的开发以及运营,利用信息网络经营游戏产品（含网络游戏虚拟货币发行，凭许可证经营），第二类增值电信业务中的信息服务业务（仅限互联网信息服务，凭许可证经营），计算机硬件、系统集成及信息技术领域内的的技术咨询、技术转让、技术开发、技术服务，计算机软硬件及配件、电子产品的销售，商务信息咨询、投资信息咨询、企业管理信息咨询（以上咨询类除经纪），企业形象设计（除广告）；图文设计、制作、会展会务服务。（企业经营涉及行政许可的，凭许可证经营）,FALSE,TRUE,FALSE
430234,翼捷股份,制造业,719,高,上海翼捷工业安全设备股份有限公司,"Shanghai Yijie Industrial Safety Equipment Co., Ltd.",私营企业,9/12/2008,11,张杰,32136000,CNY,上海市浦东新区康桥路858号,气体检测仪器仪表、工业消防报警产品及传感器的研发、生产、销售和服务。,安全仪器仪表、消防报警产品及传感器的生产组装、集成、软件嵌入、测试和研发、销售和服务，提供楼宇自动化专业领域内的技术开发、技术转让、技术服务、技术培训、技术承包、技术中介、技术入股、技术咨询服务。【企业经营涉及行政许可的，凭许可证件经营】,FALSE,TRUE,FALSE
430236,美兰股份,制造业,651,较高,创新美兰(合肥)股份有限公司,"Meiland Innovation (Beijing) Technology co., Ltd.",私营企业,13/3/2009,10,徐长才,60060000,CNY,北京市昌平区中关村科技园区生命园路29号1幢B316-2室,农药制剂产品的研发、生产和销售。,生物农药技术、化学农药技术研发、技术服务、技术转让、技术培训、技术咨询；农业技术推广；委托生产农药；销售农药（不含危险化学品）；现代生态农业的投资与开发。,FALSE,TRUE,FALSE
430239,信诺达,制造业,524,低,北京信诺达泰思特科技股份有限公司,"Beijing Sinodynetest Science and Technology Co., Ltd.",私营企业,5/11/2008,11,赵迪,9196340,CNY,北京市东城区和平里东街11号122号楼一层东侧,集成电路测试系统的研发、生产与销售，集成电路测试服务、程序开发、电路板测试维修等。,"技术推广服务;基础软件服务;应用软件服务;货物进出口;技术进出口;代理进出口;企业管理咨询(不含中介服务);销售电子产品、机械设备、计算机、软件及辅助设备;委托加工电子产品。(依法须经批准的项目,经相关部门批准后依批准的内容开展经营活动。)",FALSE,FALSE,FALSE
430244,颂大教育,信息传输、软件和信息技术服务业,666,较高,武汉颂大教育科技股份有限公司,"Wuhan Sundata E-Education Co., Ltd.",私营企业,6/7/2009,10,徐春林,101035002,CNY,武汉市东湖开发区华工科技园创新基地18栋B座,教育软件及系统平台的设计、开发、销售及相关技术服务,"计算机教育软件开发与销售;计算机硬件、系统集成服务;教育咨询(不含中小学文化类教育培训);电子产品、网络产品的销售;制作、发布广告;软件和信息技术服务;会议会展服务;第二类增值电信业务中的信息服务业务(仅限互联网信息服务:不含新闻、出版、教育、医疗保健、药品和医疗器械、文化、广播电影电视节目、电子公告内容)(凭许可证在核定期限内经营);教学仪器设备、教学实验仪器设备、理化生音体美实验室设备及实验室试剂、仪器仪表、电教仪器、文教用品、教学模型、教学标本、玻璃器皿、音乐仪器、美术仪器、文化体育卫生仪器、中小学、高中教学仪器、环保设备、办公设备及耗材、通风设备、教材、教辅图书的批发兼零售。(依法须经审批的项目,经相关部门审批后方可开展经营活动)。",FALSE,TRUE,FALSE
430249,慧峰仁和,制造业,651,较高,北京慧峰仁和科技股份有限公司,"Beijing Huifengrenhe Science and Technology Co., Ltd.",私营企业,14/7/2009,10,王文奎,24000000,CNY,北京市北京经济技术开发区西环南路18号A座408,自主提供电厂整体节能改造方案以及部分设备节能改造,许可经营项目：无；一般经营项目：技术开发、技术转让、技术咨询、技术服务、销售机械设备（不含小汽车）；专业承包；货物进出口；技术进出口；代理进出口。,FALSE,TRUE,FALSE
430253,兴竹信息,信息传输、软件和信息技术服务业,524,低,北京兴竹同智信息技术股份有限公司,"Beijing Xintegral Information Technology Co., Ltd.",私营企业,13/7/2006,13,赵翔玲,139500000,CNY,北京市海淀区上地十街辉煌国际大厦1号楼20层,能源行业ERP软件的研发、咨询实施及运维服务。,许可经营项目：无。一般经营项目：技术开发；技术转让；技术咨询；技术培训；技术服务；信息咨询；销售（不含零售）自行开发后的产品、计算机及外围设备、办公设备、机械电器设备、电子元器件；承接计算机网络工程。（非专利技术出资650万元。）,FALSE,FALSE,FALSE
430260,布雷尔利,制造业,651,较高,布雷尔利(保定)金属家居用品股份有限公司,"Buleierli (baoding) Metal Household Co.,Ltd.",私营企业,27/10/2010,9,田大水,116262710,CNY,北京市石景山区古城大街首都钢铁公司特殊钢公司十一区13号128室,以不锈钢为主的金属家居用品的研发、生产及销售,"销售、设计金属制品、家具、厨房用具;技术推广、技术服务;货物进出口、技术进出口、代理进出口。(领取本执照后,应到市商务委备案。企业依法自主选择经营项目,开展经营活动;依法须经批准的项目,经相关部门批准后依批准的内容开展经营活动;不得从事本市产业政策禁止和限制类项目的经营活动。)",FALSE,FALSE,FALSE
430267,盛世光明,信息传输、软件和信息技术服务业,660,较高,北京盛世光明软件股份有限公司,"Beijing Safesoft Greatmaker Co., Ltd.",私营企业,23/2/2006,13,孙伟力,13500000,CNY,北京市海淀区上地三街9号D座503、505、C座1210,信息安全软件、办公管理软件的研发和销售,"技术开发、技术转让、技术咨询、技术服务;软件开发;产品设计;应用软件服务;基础软件服务;加工、生产计算机软硬件;计算机系统服务、数据处理;销售计算机、软件及辅助设备、电子产品、机械设备、安全技术防范产品、通讯设备、文化用品;货物进出口、技术进出口、代理进出口;销售经国家密码管理局审批并通过指定检测机构产品质量检测的商用密码产品(商用密码产品销售许可证有效期至2017年04月15日);第二类增值电信业务中的信息服务业务(不含固定网电话信息服务和互联网信息服务)(增值电信业务经营许可证有效期至2021年02月24日)。(企业依法自主选择经营项目,开展经营活动;第二类增值电信业务中的信息服务业务(不含固定网电话信息服务和互联网信息服务)以及依法须经批准的项目,经相关部门批准后依批准的内容开展经营活动;不得从事本市产业政策禁止和限制类项目的经营活动)",FALSE,FALSE,FALSE
430268,恒信启华,信息传输、软件和信息技术服务业,524,低,北京恒信启华信息技术股份有限公司,"Beijing Hengxinqihua Information Technology Co., Ltd.",私营企业,30/3/2006,13,王福民,28000000,CNY,北京市海淀区东北旺北京中关村软件园孵化器2号楼二层2220室,提供企业资产管理系统（EAM）软件的实施、维护、软件开发服务以及EAM相关软硬件产品的销售。,技术开发、技术推广、技术转让、技术咨询、技术服务；销售计算机、软件及辅助设备；基础软件服务；应用软件服务；企业管理咨询；会议服务；承办展览展示活动。（未取得行政许可的项目除外）。,FALSE,FALSE,FALSE
430272,世富环保,科学研究和技术服务业,524,低,世富光伏宝(上海)环保科技股份有限公司,"Safegreen Solar (SHANGHAI) Environmental Protection Technology Co.,Ltd.",私营企业,27/8/2009,10,詹胜,9000000,CNY,上海市虹口区广纪路800号B幢113室,新型建筑节能材料的销售以及建筑外保温集成系统的施工服务。,环保节能科技领域内的技术开发、技术转让、技术咨询和技术服务，销售环保设备、建筑材料，建筑安装工程，建筑工程咨询，商务咨询，机电设备安装工程，防腐保温工程，环保工程，金属门窗工程，建筑智能化工程，合同能源管理、节能项目改造。（企业经营涉及行政许可的，凭许可证件经营）,FALSE,FALSE,FALSE
430276,晟矽微电,制造业,611,较高,上海晟矽微电子股份有限公司,"Shanghai SinoMCU Microelectronics Co., Ltd.",私营企业,26/11/2010,9,陆健,45105618,CNY,上海市浦东新区张江高科技园区松涛路563号2幢601、602室,高抗干扰、高可靠性的通用型及专用型微控制器产品的设计、销售及相关技术服务。,"集成电路及计算机软件的设计、开发、测试、销售及进出口业务(除计算机信息系统安全专用产品),并提供相关的技术咨询、技术服务。【企业经营涉及行政许可的,凭许可证件经营】。",FALSE,FALSE,FALSE
430287,环宇畜牧,制造业,666,较高,北京京鹏环宇畜牧科技股份有限公司,"Beijing Kingpeng Global Husbandry Technology Co., Ltd.",国营或国有控股,11/7/2006,13,高继伟,31690280,CNY,北京市海淀区丰慧中路7号新材料创业大厦704号,为畜牧行业客户提供规模化畜牧场养殖的整体解决方案以及配套养殖设备研发、生产、销售、安装和相关技术培训服务。,畜牧养殖及机械设备的研发、生产、销售及安装。企业法人营业执照规定经营范围:动物养殖、饲养技术服务、技术咨询(不含中介服务)、技术转让;专业承包、销售畜牧机械设备、养殖机械设备、加工畜牧机械设备、养殖机械设备(不含表面处理作业);畜禽舍的规划、设计;货物进出口、代理进出口。,FALSE,FALSE,FALSE
430298,淘礼网,信息传输、软件和信息技术服务业,778,高,北京淘礼网科技股份有限公司,"Beijing Ugift Co., Ltd.",私营企业,11/12/2006,13,高翔,20800000,CNY,北京市朝阳区东三环南路25号北京汽车大厦907室,通过与银行、电信等领域的企业合作，以积分换礼、信用卡商城和礼品服务的形式进行商品销售。,许可经营项目：销售酒、定型包装食品，零食卷烟、雪茄烟。信息服务业务（不含固定网电话信息服务和互联网信息服务）；销售II类医疗器械（医疗器械经营企业许可证有效期至2017年11月22日）；销售保健食品（食品卫生许可证有效期至2016年10月29日）。一般经营项目：技术推广服务；公共软件服务；计算机系统服务；电脑图文设计；企业策划；礼仪服务；经济贸易咨询；会议及展览服务；设计、制作、代理、发布广告；销售工艺品、日用品、文具用品、体育用品、服装、计算机、软件及辅助设备、化妆品、厨房用具、音响设备、照相器材、通讯设备、五金交电、珠宝首饰、黄金制品；货物进出口、代理进出口、技术进出口。,FALSE,FALSE,FALSE
430305,维珍创意,信息传输、软件和信息技术服务业,524,低,北京维珍创意科技股份有限公司,"ATMVI Professional Co., Ltd.",私营企业,31/12/2010,9,高利军,140122560,CNY,北京市丰台区南四环西路128号诺德中心二期11号楼2806室,ATM形象创新及安全防护产品的工业设计、IT软硬件研发、市场开拓、系统集成、产品生产、系统安装及售后服务。,许可经营项目:无;一般经营项目:技术开发、技术服务、技术咨询;产品设计;模型设计;销售自行开发后的产品。(未取得行政许可的项目除外)货物及技术进出口业务(国家限定公司经营和禁止进出口的商品及技术除外)。,FALSE,FALSE,FALSE
430306,永铭医学,科学研究和技术服务业,598,中,永铭诚道(北京)医学科技股份有限公司,CCRF (Beijing) Inc.,私营企业,17/6/2009,10,朱寅,11700000,CNY,北京市朝阳区工人体育场北路13号院1号楼8层806室,心血管领域的专业CRO,"医药及医疗器械技术开发、技术转让、技术咨询、技术服务;信息咨询(不含中介服务);技术进出口;设计、制作、代理、发布广告;会议服务;承办展览展示活动;销售Ⅱ类医疗器械、计算机、软件及辅助设备、电子产品、通讯设备;销售Ⅲ类医疗器械。(企业依法自主选择经营项目,开展经营活动;销售Ⅲ类医疗器械以及依法须经批准的项目,经相关部门批准后依批准的内容开展经营活动;不得从事本市产业政策禁止和限制类项目的经营活动。)",FALSE,FALSE,FALSE
430311,达美盛,信息传输、软件和信息技术服务业,704,高,北京达美盛软件股份有限公司,"Beijing DMS Software CO., Ltd.",私营企业,9/3/2009,10,李艳松,14286900,CNY,北京市海淀区上地三街9号B座B1001室,工厂和建筑数字化软件的研发、销售和技术服务以及三维工程设计、建模服务。,许可经营项目：无。一般经营项目：应用软件服务、基础软件服务；销售计算机、软件及辅助设备；技术服务、技术转让；货物进出口、代理进出口、技术进出口。（未取得行政许可的项目除外）,FALSE,FALSE,FALSE
430321,博德石油,采矿业,695,较高,北京博德世达石油技术股份有限公司,"Beijing Petrostar Oil Technology Co., Ltd.",私营企业,28/3/2007,12,蔡万伟,10000000,CNY,北京市昌平区科技园区超前路甲一号6号楼201室,测井服务以及完井工具和油田化学品的研发、生产、销售。,许可经营项目：工程勘察设计：生产制造石油、天然气资源勘探开发用设备及工具。一般经营项目：石油、天然气资源勘探开发领域的技术开发、技术转让、技术咨询、技术服务；销售机械设备及配件、化工产品（不含危险化学品）、专用设备；维修租赁机械设备；技术进出口、货物进出口、代理进出口；新能源、节能环保领域的技术开发、技术转让、技术咨询、技术服务；出租商业用房。,FALSE,FALSE,FALSE
430322,智合新天,租赁和商务服务业,642,较高,智合新天(北京)传媒广告股份有限公司,"Newskyunion Co., Ltd.",私营企业,27/11/2007,12,郭宁,22620000,CNY,北京市朝阳区望京阜通东大街6号方恒国际中心B座1007室,公司是户外广告传媒整体解决方案提供商，为客户提供户外媒体开发、项目推行、售后维护等完整的产品流程服务体系。,设计、制作、代理、发布广告；组织文化艺术交流；承办展览展示；信息咨询（不含中介服务）；劳务服务；图文设计；投资顾问；企业管理顾问；企业营销策划；企业形象策划；市场调查；会议服务；销售百货、工艺品、五金交电。,FALSE,FALSE,FALSE
430323,天阶生物,制造业,642,较高,北京世贸天阶生物科技股份有限公司,"Beijing The Place Bio-Tech Co., Ltd.",私营企业,26/10/2007,12,雷文英,61680000,CNY,北京市朝阳区光华路甲9号世贸国际公寓商务楼D座301室,医药技术研究、开发；药品制造、销售。,医药技术研究、开发、转让、技术服务、技术咨询。（以工商登记机关核准的为准）,FALSE,FALSE,FALSE
430324,上海致远,制造业,583,中,上海致远绿色能源股份有限公司,"Shanghai Ghrepower Green Energy Co., Ltd.",私营企业,20/6/2006,13,李锋,68000000,CNY,上海市松江区车墩镇留业路202号,提供以风能为主的新能源应用系统整体解决方案,"在太阳能、风能设备领域内的技术开发、技术咨询、技术转让、技术服务,从事风能、太阳能设备的研发和制造(喷漆工艺外协),太阳能设备、风能设备的销售,太阳能系统、风能系统的工程设计及系统集成,建筑工程,机电工程,从事货物及技术的进出口业务。",FALSE,FALSE,FALSE
430327,元工国际,信息传输、软件和信息技术服务业,660,较高,北京元工国际科技股份有限公司,Beijing Rise Software International Inc.,私营企业,11/9/2007,12,丁德宇,5000000,CNY,北京市海淀区上地信息路12号B201,MES(制造执行系统)的研发、销售、实施及运维。,技术开发、技术推广、技术转让、技术咨询、技术服务；计算机系统服务；计算机维修；销售计算机、软件及辅助设备、电子产品、机械设备、通讯设备。（未取得行政许可的项目除外）。,FALSE,FALSE,FALSE
430335,华韩整形,卫生和社会工作,763,高,华韩整形美容医院控股股份有限公司,"SINO-KOR Plastic Aesthetic Hospital Holding Co., Ltd",私营企业,20/4/2010,9,李昕隆,70204997,CNY,江苏省南京市建邺区江东中路126号1-4层东南侧,以整形美容、皮肤美容、口腔美容为主的诊疗服务。,"许可经营项目(无),一般经营项目:整形美容医院投资;投资、资产管理;医院管理咨询;整形美容医疗技术研发、技术咨询和技术服务(不含医疗性美容和整容服务)",FALSE,FALSE,FALSE
430336,皇冠幕墙,制造业,524,低,天津皇冠幕墙装饰股份有限公司,"Tianjin Crown Curtain Wall Decoration Co., Ltd.",私营企业,10/11/2008,11,黄霁平,46400000,CNY,天津市武清区东马圈镇武落路南侧,节能型建筑幕墙、建筑门窗的研发设计、生产加工、安装施工及相关技术服务。,"室内外装饰装修工程、建筑幕墙工程设计、施工,铝合金门窗、塑料门窗加工、销售、安装。(以上经营范围涉及行业许可的凭许可证件,在有效期限内经营,国家有专项专营规定的按规定办理)",FALSE,FALSE,FALSE
430341,呈创科技,信息传输、软件和信息技术服务业,632,较高,北京呈创科技股份有限公司,"Centran Technology Co., Ltd.",私营企业,31/8/2009,10,许志豪,23529412,CNY,北京市海淀区紫竹院路116号嘉豪国际中心C座710-712室,系统集成、软件开发,许可经营项目:无;一般经营项目:计算机软件、网络技术开发;计算机网络工程设计、安装;计算机系统集成;技术服务;销售计算机、软件及辅助设备。(未取得行政许可的项目除外)。,FALSE,FALSE,FALSE
430346,哇棒传媒,租赁和商务服务业,666,较高,哇棒移动传媒股份有限公司,"Wooboo (Beijing) Mobile Media Co., Ltd.",私营企业,22/7/2009,10,姬长伟,60491050,CNY,北京市东城区东四十条甲22号南新仓商务大厦B1125室,为客户提供新媒体全面解决方案,为客户提供新媒体全面解决方案,FALSE,FALSE,FALSE
430347,地大信息,信息传输、软件和信息技术服务业,719,高,武汉地大信息工程股份有限公司,"Wuhan Infoearth Information Co., Ltd.",私营企业,30/3/2010,9,张时忠,10100000,CNY,湖北省武汉市东湖开发区光谷软件园一期以西、南湖南路以南光谷软件园六期1幢3层103号,"地质环境信息化软件开发、系统集成、空间数据处理相关产品的研发与技术服务。具体业务包括:(1)为地质环境信息化建设的软件开发、项目实施、系统集成提供完整的解决方案和服务;(2)地质环境信息化系统的日常运行维护服务;(3)地质环境监测预警仪器的定制、集成和实施,以及监测数据的采集加工服务;(4)地质环境数据的采集、更新、加工处理和建库服务。",计算机软件开发、计算机系统集成、空间数据处理及计算机相关产品的研究、开发及技术服务。(上述范围中国家有专项规定的项目经审批后或凭许可证在核定期限内经营),FALSE,FALSE,FALSE
430356,雷腾软件,信息传输、软件和信息技术服务业,719,高,上海雷腾软件股份有限公司,"Shanghai Raxtone Software Co., Ltd.",私营企业,14/1/2010,9,王翔,29000000,CNY,上海市浦东新区张江高科技园区达尔文路88号2号楼6楼,智能行车导航终端软件的销售、导航软件开发业务以及智能车载终端硬件的销售。,"计算机软硬件、网络、通讯专业领域内的技术开发,技术咨询,技术转让、技术服务、技术承包、技术培训、技术入股、计算机软硬件(除计算机信息系统安全专用产品)、导航仪器、通讯设备的销售,电脑图文设计、制作,广告的设计、制作,利用自有媒体发布广告,第二类增值电信业务中的信息服务业务(不含固定网电话信息服务和互联网信息服务)、汽车租赁(不含操作人员)。【企业经营涉及行政许可的,凭许可证件经营】",FALSE,FALSE,FALSE
430370,谢裕大,农、林、牧、渔业,670,较高,谢裕大茶叶股份有限公司,"Xie Yuda Tea Co., Ltd.",私营企业,18/8/2010,9,谢一平,68000000,CNY,安徽省黄山市徽州区城北工业园区(文峰西路1号),茶叶研发、种植、加工和销售,茶叶[绿茶、花茶、红茶(分装)]、代用茶生产、销售;茶器具、茶叶机械、茶叶包装物的研发、制作、销售。,FALSE,FALSE,FALSE
430375,星立方,信息传输、软件和信息技术服务业,592,中,北京星立方科技发展股份有限公司,"Beijing Star Cube Technology Development Co., Ltd.",私营企业,25/1/2010,9,熊辉,91112300,CNY,北京市海淀区花园北路14号6幢二层202、205-210,"教育领域“智慧教育”下的数字校园系列软件产品的研发与销售,以及教育管理信息系统软件定制项目的开发;安防领域“智慧安防”下的视频监控软、硬件产品的开发和销售,以及安防工程的施工安装。","技术开发、技术推广、技术转让、技术咨询、技术服务、计算机技术培训;软件开发;计算机系统服务;数据处理;基础软件服务;应用软件服务;销售电子产品、通讯设备、计算机、软件及辅助设备、安全技术防范产品、机械设备;专业承包;工程勘察设计;第一类增值电信业务中的互联网数据中心业务、第一类增值电信业务中的国内互联网虚拟专用网业务、第一类增值电信业务中的互联网接入服务业务(互联网信息服务增值电信业务经营许可证有效期至2022年06月20日)。(企业依法自主选择经营项目,开展经营活动;依法须经批准的项目,经相关部门批准后依批准的内容开展经营活动;不得从事本市产业政策禁止和限制类项目的经营活动。)",FALSE,FALSE,FALSE
430379,昂盛智能,批发和零售业,524,低,上海昂盛智能工程股份有限公司,"Shanghai Blooming Grace Intelligence Engineering Co., Ltd.",私营企业,8/10/2008,11,王麒烨,19000000,CNY,上海市静安区万航渡路829弄1号2303室,"在智能建筑领域为客户提供智能控制系统、音频系统、视频系统及系统集成和通讯信息系统的设计及设备成套、工程管理、施工等服务,同时公司还从事三星及快思聪产品的代理销售业务。","智能化工程,通讯工程,安全防范系统工程,照明工程,水处理工程,环保工程,计算机领域内的技术开发、技术转让、技术咨询和技术服务,环保设备、机电设备、金属材料、五金交电、日用百货、办公用品、电线电缆、电子元器件、化工产品(除危险化学品、监控化学品、烟花爆炸、民用爆炸物品、易制毒化学品)的销售【企业经营涉及行政许可的,凭许可证件经营】",FALSE,FALSE,FALSE
430385,中一检测,科学研究和技术服务业,778,高,浙江中一检测研究院股份有限公司,"Zhejiang Zhongyi Testing Institute Co., Ltd.",私营企业,3/7/2006,13,应赛霞,37050000,CNY,浙江省宁波市高新区光华路299弄C10幢4楼,健康与环保、节能减排、工程质量等领域的检测与评价,"检测检验业务服务;检测检验技术研究开发;职业卫生技术服务;放射卫生技术服务;安全生产技术应用服务;环境与生态监测检测服务;节能减排技术服务;自有房屋租赁;检测设备、车辆设备租赁;技术咨询服务。(依法须经批准的项目,经相关部门批准后方可开展经营活动)",FALSE,FALSE,FALSE
430394,伯朗特,制造业,778,高,广东伯朗特智能装备股份有限公司,"Guangdong Bolangte Intelligent Equipment Co., Ltd.",私营企业,9/5/2008,11,尹荣造,45000000,CNY,广东省东莞市大朗镇沙步村沙富路83号,"注塑成型机用机械手及周边自动化设备的研发、生产、销售,同时提供自动化生产线的整体解决方案",研发、生产、安装、维修、销售:工业机器人、水平机器人、通用机械设备及其配件。注塑机械手、压铸机械手、加工中心机械手、焊接机械手、冲压机械手、智能装备系统、控制系统软件集成技术开发及应用推广服务。货物进出口。(法律、行政法规禁止的项目除外;法律、行政法规限制的项目须取得许可后方可经营),FALSE,FALSE,FALSE
430407,长合信息,信息传输、软件和信息技术服务业,592,中,上海长合信息技术股份有限公司,"Shanghai Charmhope Information Technology Co., Ltd.",私营企业,3/12/2009,10,黄学军,20000000,CNY,上海市张江高科技园区蔡伦路1623号1栋104室,地铁通信领域的通信传输、数据网络、语音交换及调度电话等系统的研发、销售及相关技术服务,"计算机软件的开发、设计、销售、计算机硬件、通信设备、自动控制设备、安防设备、智能交通系统、交通信息化领域的开发、销售(以上除计算机信息系统安全专用产品),系统集成,通信技术、网络技术的开发,并提供相关的技术咨询、技术服务、技术转让,从事货物及技术的进出口业务。(企业经营涉及行政许可的,凭许可证件经营)",FALSE,FALSE,FALSE
430412,晓沃环保,建筑业,632,较高,天津晓沃环保工程股份公司,"Tianjin Xiaowo Environmental Protection Engineering Co., Ltd.",私营企业,24/7/2008,11,孙雷宇,21200000,CNY,天津市南开区黄河道大通大厦十层B区(科技园),燃煤电厂、工业锅炉等燃煤设备的烟气除尘、脱硫、脱硝装置的建造和运营。,环保工程、防腐工程;环保设备、建筑材料、电气设备、五金交电、化工(危险品、易制毒品除外)、石材批发兼零售;室内装饰;环保设备技术开发、咨询、服务;技术劳务服务;环保监测;土壤修复(国家有专营专项规定按专营专项规定办理)。,FALSE,FALSE,FALSE
430421,华之邦,制造业,539,低,上海华之邦科技股份有限公司,"Shanghai Wisebond Technology Co., Ltd.",私营企业,1/12/2010,9,陈宝明,7000000,CNY,上海市杨浦区国顺东路19号9层,以燃烧器为主的燃烧系统设计和销售，包括低氮燃烧系统业务、专用燃烧系统业务和其他配件销售,能源科技、工业自动化控制系统技术领域内的技术开发、技术咨询、技术服务、技术转让；锅炉及辅助设备、电子产品、机械设备的销售；环保建设工程专业施工；机电设备安装建设工程专业施工；从事货物及技术的进出口业务。,FALSE,FALSE,FALSE
430424,联合创业,电力、热力、燃气及水生产和供应业,524,低,北京联合创业环保工程股份有限公司,"Beijing United Pioneer Environment Engineering Co., Ltd.",私营企业,11/12/2008,11,徐冬利,13430000,CNY,北京市丰台区马官营南路马官营家园1号楼1单元1502,新能源(生物质利用、高效沼气厌氧发酵)和环境保护(污水处理)工程建设,专业承包;技术推广服务;销售机械设备、电子产品、化工产品(不含危险化学品);机械设备租赁。,FALSE,FALSE,FALSE
430425,乐创技术,制造业,750,高,成都乐创自动化技术股份有限公司,"Chengdu Leetro Automation Co., Ltd.",私营企业,18/10/2007,12,赵钧,26000000,CNY,四川省成都市高新区科园南二路一号大一孵化园8栋B座,公司专业从事运动控制产品的研发、制造和销售，主要为自动化设备制造商提供运动控制产品及系统整体解决方案,工业自动化产品和系统的研发、生产、销售(国家有专项规定的除外)及相关技术服务；软件开发；货物进出口、技术进出口(法律法规禁止的除外；法律、行政法规限制的取得许可后方可经营)；其他无需审批或许可的合法项目,FALSE,FALSE,FALSE
430435,数聚股份,信息传输、软件和信息技术服务业,651,较高,上海数聚软件系统股份有限公司,"Shanghai DataCVG Software System Co., Ltd.",私营企业,10/12/2008,11,陈庆华,24491550,CNY,上海市徐汇区漕溪北路749号(甲)3-4楼,提供企业商业智能应用软件和系统解决方案，包括商业智能技术开发及服务和软件的代理销售。,"""计算机、电子、网络科技专业领域内的技术开发、技术咨询、技术转让、技术服务，网络工程的设计、安装、维护，商务咨询(除经纪)，会展服务，计算机软硬件、通讯设备、电子产品的销售，从事货物进出口及技术进出口业务。(涉及行政许可的，凭许可证经营)""",FALSE,FALSE,FALSE
430437,食安科技,科学研究和技术服务业,651,较高,广东达元绿洲食品安全科技股份有限公司,"Guangdong Dayuan Oasis Food Safety Technology Co.,Ltd",私营企业,26/4/2006,13,石松,20000000,CNY,广东省广州市高新技术产业开发区科学大道科汇一街7号901室,专业从事食品安全快速检验产品的研发、生产、销售和技术服务。,研究、开发、生产、销售：食品和环境快速检测的检测试剂、测试片、检测管及上述产品相关的仪器设备(危险化学品及其它涉及行政许可项目除外，生产仅限分支机构经营)；检测技术服务。,FALSE,FALSE,FALSE
430438,星弧涂层,制造业,642,较高,星弧涂层新材料科技(苏州)股份有限公司,"Stararc Coating Advanced Material Technologies (Suzhou) Co., Ltd.",私营企业,22/8/2006,13,钱涛,12000000,CNY,苏州市工业园区唯新路81号,涂层加工和涂层设备、等离子体设备及相关辅助设备销售业务,研发、设计、生产、加工超硬涂层材料(金属钛铝)及相关设备，销售本公司所生产的产品并提供售前及售后服务；从事上述产品和技术的进出口业务(凡涉及国家专项规定的，取得专项许可手续后经营),FALSE,FALSE,FALSE
430452,汇龙科技,信息传输、软件和信息技术服务业,524,低,西安汇龙科技股份有限公司,"Xi'an Huilong Technology Co., Ltd.",私营企业,31/12/2009,10,刘英智,53050000,CNY,陕西省西安市高新区沣惠南路34号(沣惠南路与科技六路十字西北角)摩尔中心A座9层,公司致力于为通信运营商和设备供应商提供专业化通信网络工程、维护、优化等技术服务，以及智能化通信信息软件产品,通信技术服务；计算机网络及软硬件的销售及技术咨询服务；办公自动化设备、通信器材、仪器仪表销售；承接系统集成及通信设备的安装、销售；给水、排水冷暖工程的设计；机电设备给水排水管道的安装；机电产品及配件的销售；通信业务施工；钢结构工程施工；货物和技术的进出口经营（国家限制和禁止进出口的货物和技术除外）。（以上经营范围凡涉及国家有专项专营规定的从其规定）,FALSE,FALSE,FALSE
430455,德联科技,信息传输、软件和信息技术服务业,592,中,杭州德联科技股份有限公司,"Hangzhou Delian Technology Co., Ltd.",私营企业,16/1/2006,13,胡真,18200000,CNY,浙江省杭州市滨江区长河街道长河路475号1幢1层102室,工业能源及暖通领域电气、自动化产品和自动化系统的设计、生产、销售与服务,许可经营项目：生产：低压成套开关设备、电气控制设备(上述经营范围在批准的有效期内方可经营)。一般经营项目：服务：计算机软件、自动化控制系统的技术开发、技术服务、成果转让；批发、零售：电气设备及配件，计算机软件；其他无需报经审批的一切合法项目。(上述经营范围不含国家法律法规禁止、限制和许可经营的项目),FALSE,FALSE,FALSE
430457,三网科技,信息传输、软件和信息技术服务业,583,中,浙江三网科技股份有限公司,"Zhejiang Thirdnet Technologies Co., Ltd.",私营企业,17/5/2006,13,陈亦刚,13204258,CNY,浙江省杭州市滨江区江南大道3880号华荣时代大厦1401-1406室,IPPBX业务和移动物联网产品的开发、销售、运营及相关技术服务,许可经营项目：第二类增值电信业务中的信息服务业务(不含固定网电话信息服务、具体按浙B2-20120299号增值电信业务经营许可证范围经营)(上述经营范围在批准的有效期内方可经营)。一般经营项目：通信技术开发及技术服务，信息网络系统集成；安全监控系统开发、设计和安装；游戏、商务软件的开发(涉及许可证项目凭证经营)；销售：通信设备。(上述经营范围不含国家法律法规规定禁止、限制和许可经营的项目。),FALSE,FALSE,FALSE
430474,恒裕灯饰,制造业,670,较高,广东恒裕灯饰股份有限公司,"Guangdong Hengyu Lighting Co., Ltd.",私营企业,13/2/2009,10,何忠勇,10000000,CNY,广东省惠州市小金口金源工业新区骆坑组206号,照明产品设计、开发、生产和销售,生产、销售：灯饰、五金制品(不含五金电镀)；货物的进出口、技术进出口,FALSE,FALSE,FALSE
430476,海能仪器,制造业,725,高,济南海能仪器股份有限公司,"Jinan Hanon Instruments Co., Ltd.",国营或国有控股,29/11/2006,13,王志刚,73014080,CNY,山东省济南市高新区天辰大街677号3号楼,食品药品领域的分析仪器及其应用软件的研发、生产和销售,实验室分析仪器、实验设备及仪器仪表、试验仪器、教学仪器的生产（凭环评报告经营）；实验室分析仪器、实验设备及仪器仪表、试验仪器、教学仪器的研发、销售及技术服务；软件的开发、销售；进出口业务。（依法须经批准的项目，经相关部门批准后方可开展经营活动）,FALSE,FALSE,FALSE
430478,峆一药业,制造业,778,高,安徽峆一药业股份有限公司,Anhui Heryi Pharmaceutical Co. Ltd.,私营企业,25/10/2007,12,董来山,30037500,CNY,安徽省天长市杨村工业区康达路2号,医药中间体的研发、生产和销售,医药中间体研发、生产、销售(不含原料药管理范围，不含危险化学品，涉及法律法规专项审批的除外)；经营本企业自产产品及技术的进出口业务和经营本企业生产所需的原辅材料、机械设备、零配件及技术的进出口业务(国家限定公司经营和国家禁止进出口业务的商品及技术除外)。,FALSE,FALSE,FALSE
430480,辰维科技,信息传输、软件和信息技术服务业,645,较高,郑州辰维科技股份有限公司,"Zhengzhou Sunward Technology Co., Ltd.",私营企业,26/1/2007,12,张勇,26312000,CNY,河南省郑州市高新技术产业开发区云杉路9号5幢,"""1、精密测量产品的研发销售。2、精密测量任务的方案制定及实施，为用户提供定期或不定期的精密测量服务。3、精密测量系统的用户定制开发。""","测量仪器研究、销售,系统配套及相关技术服务、咨询,软件研究、开发;测绘服务;测绘仪器销售及租赁;测绘软件开发;从事货物和技术进出口业务(上述范围涉及国家法律、行政法规规定应经审批方可经营的项目,凭有效的审批文件核定的期限和范围开展经营,未经审批前不得经营)。(依法须经批准的项目,经相关部门批准后方可开展经营活动)。",FALSE,FALSE,FALSE
430481,吉瑞祥,制造业,592,中,新疆吉瑞祥科技股份有限公司,"Xinjiang Greatsun Tec. Co., Ltd.",私营企业,17/3/2010,9,吉锐,15000000,CNY,新疆维吾尔自治区昌吉市昌五路吉瑞祥工业园,家具的研发、生产、销售、家具销售网络体系电子商务平台的研发和应用,许可经营项目：无；一般经营项目：家具的研发、生产、销售，家具销售网络体系电子商务平台的研发和应用，室内外装饰、装修，通过边境小额贸易方式向毗邻国家开展各类商品及技术的进出口业务(国家限制进出口的商品和技术除外)，允许经营边贸项下废钢、废铜、废铝、废纸、废塑料等国家核定经营的五种废旧物资的进口。,FALSE,FALSE,FALSE
430487,佳信捷,制造业,524,低,深圳市佳信捷技术股份有限公司,"Shenzhen Jiaxinjie Technology Co., Ltd.",私营企业,9/3/2006,13,王德林,97276138,CNY,广东省深圳市南山区科苑路11号金融科技大厦A座十二层,主要从事安防视频监控产品研发、生产及销售，并基于客户的定制化需求提供安防视频监控整体解决方案。,"安防产品、电子产品、摄像机、硬盘录像机、高速球、矩阵、液晶监视器、视频采集卡、光端机、网络摄像机、音视频解码服务器、其他监控器材的设计研发、生产、销售、技术开发及技术咨询;安全技术防范系统设计、施工、维修;计算机软硬件、光电一体化设备的设计研发、销售、技术开发及技术咨询;计算机系统集成;投资兴办实业(具体项目另行申报);国内贸易,货物及技术进出口。(以上均不含法律、行政法规、国务院决定禁止及规定需前置审批项目)。",FALSE,FALSE,FALSE
430489,佳先股份,制造业,723,高,安徽佳先功能助剂股份有限公司,"Anhui Jiaxian Functional Auxiliary Co., Ltd.",国营或国有控股,25/4/2006,13,李兑,26136000,CNY,安徽省蚌埠市吴湾路215号,PVC辅助热稳定剂(二苯甲酰甲烷、硬酯酰苯甲酰甲烷)的研发、生产和销售,一般经营项目：化工产品(二苯甲酰甲烷、硬酯酰苯甲酰甲烷、聚合氯化铝)的生产、销售，自营上述产品的出口业务,FALSE,FALSE,FALSE
430490,旭龙物联,制造业,710,高,广东旭龙物联科技股份有限公司,SUNLUX IOT Technology (Guangdong) Inc.,私营企业,25/12/2006,13,徐朝荣,26640000,CNY,广东省广州市萝岗区科学城科学大道科汇一街7号401房,条码识别设备的研发、生产和销售和服务,开发、生产、销售、条码设备。货物进出口、技术进出口；应用软件开发；系统集成。,FALSE,FALSE,FALSE
430491,蓝斯股份,制造业,592,中,厦门蓝斯通信股份有限公司,Xiamen LENZ Communication Inc.,私营企业,16/6/2006,13,林升元,10800000,CNY,福建省厦门市软件园二期望海路19号101单元A区,国内城市公交解决方案和3G视频/GPS监控解决方案提供商，主要从事基于上述解决方案的中、高端系统集成产品的研发、生产和销售，产品包括智能公交产品、GPS监控产品和无线数据传输产品。,无线通信终端、计算机软硬件、汽车导航与信息相关电子产品开发、生产、销售；计算机及其相应的技术服务、技术咨询；经营各类商品和技术的进出口(不另附进出口商品目录)，但国家限定公司经营或禁止进出口的商品及技术除外。(以上经营范围涉及许可经营项目的，应在取得有关部门的许可后方可经营)。,FALSE,FALSE,FALSE
430492,老来寿,制造业,642,较高,济南老来寿生物集团股份有限公司,"Jinan Laolaishou Biotechnology Stock Co., Ltd.",私营企业,15/2/2006,13,刘振伟,61629882,CNY,山东省济南市高新区舜华路2000号舜泰广场9号楼0604室,保健食品的研发、生产和销售,"生物技术开发、技术咨询、技术服务;市场营销策划;企业形象策划;会务服务;健康信息咨询;电子商务技术推广;企业管理咨询;商务信息咨询;旅游信息咨询;工艺美术品设计、制作;策划创意服务;教育信息咨询(不含办学及培训);批发、零售:预包装食品、散装食品、乳制品(不含婴幼儿配方乳粉)、保健食品、服装、健身器材、化妆品、日用品、办公用品、家用电器、洗涤用品、保健用品;货物或技术进出口(国家禁止或涉及行政审批的货物和技术进出口除外)。(依法须经批准的项目,经相关部门批准后方可开展经营活动)",FALSE,FALSE,FALSE
430493,新成新材,制造业,710,高,大同新成新材料股份有限公司,"Datong Xincheng New Material Co., Ltd.",私营企业,3/8/2007,12,张培林,120000000,CNY,山西省大同市新荣区花园屯村,特种石墨的研发、生产、销售以及相关加工业务,生产加工销售特种细颗粒方块、石墨饼、碳化硅、石墨碎、增炭剂、石墨电极、石墨热场、加热炭块、等静压石墨材料、进出口业务。(以上国家禁止经营专项审批的除外),FALSE,FALSE,FALSE
430494,华博胜讯,信息传输、软件和信息技术服务业,763,高,安徽华博胜讯信息科技股份有限公司,"AnHui Huaboshengxun Information Technology Co., Ltd.",私营企业,5/7/2007,12,王学杰,12800000,CNY,安徽省合肥市高新技术开发区天元路1号合肥留学人员创业园1-210/212室,公共文化与公共安全领域软硬件产品的开发与销售、计算机系统集成、弱电智能化工程的实施及技术支持与服务。,计算机软硬件产品开发、销售与服务；计算机网络、建筑装饰与建筑智能化工程、安全技术防范工程技术、系统集成、信息咨询、施工、技术服务；网络设备及相关产品销售及代理；自营和代理各类商品及技术的进出口业务(国家法律、法规禁止进出口的除外)。,FALSE,FALSE,FALSE
430499,中科股份,制造业,524,低,安徽中科自动化股份有限公司,AuHui Zhongke Automation Limited by Share Ltd,私营企业,6/12/2006,13,潘劲松,50700000,CNY,安徽省桐城市新渡镇华东塑料城B区19号,烤房设备及其配套产品的生产、销售,"粮食烘干设备、果蔬烘干设备、烟叶烘干设备以及一切需要烘干的农副产品烘干设备,植保设备、施肥设备、旋耕起垄设备以及履带自走式起垄机和履带自走式旋耕机等农业机械与器械,环保节能设备,彩钢板门窗、彩钢板保温烤房,冷库、冷藏设备,智能控制器、高低压电器、光机电一体化设备,农机维修,塑料制品、PE热收缩膜、聚氨脂以及聚氨脂板房的生产、研发、服务、销售及进出口贸易。",FALSE,FALSE,FALSE
430500,亚奥科技,信息传输、软件和信息技术服务业,651,较高,江苏亚奥科技股份有限公司,"Jiangsu Yaao Technology Co., Ltd.",私营企业,2/2/2008,11,张彤,30000000,CNY,江苏省南京市玄武区徐庄软件园研发三区F栋1号3楼,专业从事监控系统解决方案业务的服务商，主要为通信、电力、交通等行业提供监控系统解决方案，包括与监控相关的软硬件产品的研发、制造与服务,许可经营项目：无。一般经营项目：计算机软硬件、程控交换机、通讯设备研发、生产、销售及相关的技术咨询，人才培训，电子产品研发、销售，机电产品成套服务，自动化系统集成，安防工程及其它各类工程的设计与施工，计算机信息系统集成，自营和代理各类商品及技术的进出口业务。,FALSE,FALSE,FALSE
430523,泰谷生态,制造业,592,中,泰谷生态科技集团股份有限公司,"Hunan Taigu Biotechnology Co., Ltd.",私营企业,4/9/2008,11,曹典军,63556159,CNY,湖南省长沙市高新开发区麓谷麓龙路199号标志麓谷商务中心A栋1402、1403,有机肥、生物有机肥、有机物料腐熟剂(微生物肥)、微生物菌剂(微生物肥)的生产和销售;生物技术、环保技术、养殖技术的研发、应用及推广服务;饲料添加剂的销售和生产(限分支机构生产),"生物生态水土环境研发与治理;农田修复;重金属污染防治;土壤修复;土壤调理剂的生产;环保工程设计;生物技术推广服务;环保技术推广服务;饲料批发;农业技术咨询、交流服务;环境污染处理专用药剂材料、有机肥料及微生物肥料的制造;土壤调理剂、有机肥料及微生物肥料的销售;养殖技术的研发、推广服务。(依法须经批准的项目,经相关部门批准后方可开展经营活动)",FALSE,FALSE,FALSE
430524,量天科技,信息传输、软件和信息技术服务业,583,中,大连量天科技发展股份有限公司,"Dalian Liang Tian Monitoring Technology Co., Ltd.",私营企业,13/3/2009,10,纪洪帅,20000000,CNY,辽宁省大连市中山区民康街15号盛益大厦24层D座,主要从事液体运输无线远程管控平台的研发、设计和销售,计算机软硬件设计及开发、技术转让、技术咨询、技术服务(涉及行政许可的，凭许可证经营)；国内一般贸易(法律、行政法规禁止的项目除外；法律、行政法规限制的项目取得许可后方可经营),FALSE,FALSE,FALSE
430525,英诺尔,制造业,651,较高,厦门英诺尔电子科技股份有限公司,"Xiamen Innov Electronics Tech Co., Ltd.",私营企业,27/9/2006,13,李金华,38000000,CNY,福建省厦门市火炬高新区(翔安)产业区翔虹路1号101单元,柔性印刷电路、电子标签、物联网产品的研发、生产和销售,1、柔性印刷电路、封装基板、电子标签、电源适配器的研究开发、生产、销售；2、电子材料的开发、生产和销售；3、物联网产品的研究开发、生产、销售；4、物联网系统集成、应用软件研发；5、经营各类商品和技术的进出口(不另附进出口商品目录)，但国家限定公司经营或禁止进出口的商品及技术除外。(以上经营范围涉及许可经营项目的，应在取得有关部门的许可后方可经营。),FALSE,FALSE,FALSE
430540,五龙制动,制造业,642,较高,石家庄五龙制动器股份有限公司,"Shijiazhuang Wulon Brake Co., Ltd.",私营企业,5/7/2006,13,韩伍林,22770000,CNY,河北省石家庄市新石中路375号金石大厦C座五楼,高效节能电磁制动器产品的研发、生产、销售和服务,制动器、高效节能产品、自动化保护、控制设备、电梯配件、机电一体化产品的研制、生产、服务、销售；机电产品来料加工(法律规定需要专项审批的，未批准前不得经营)。自营和代理一般经营项目商品和技术的进出口业务(许可经营项目商品和技术的进出口业务须取得国家专项审批后方可经营；国家限定公司经营或禁止进出口的商品和技术除外),FALSE,FALSE,FALSE
430544,闽保股份,信息传输、软件和信息技术服务业,719,高,福建省闽保信息技术股份有限公司,"Fujian Minbao Information Technology Co., Ltd.",私营企业,20/6/2006,13,林章威,20083000,CNY,福建省福州市鼓楼区铜盘路软件大道89号福州软件园C区10号楼,信息安全软件研发与销售、信息安全集成和信息安全服务,计算机软硬件开发、设计及安装施工；建筑智能化工程的设计与施工；安防工程的设计与施工；计算机系统集成服务；档案数字化服务；计算机维修、维护；电子产品、机械设备、通信设备批发，代购代销；计算机信息咨询；自营和代理各类商品和技术的进出口，但国家限定公司经营或禁止进出口的商品和技术除外。,FALSE,FALSE,FALSE
430555,英派瑞,制造业,710,高,长虹塑料集团英派瑞塑料股份有限公司,"Changhong Plastics Group Imperial Plastics Co., Ltd.",私营企业,17/8/2010,9,郑元和,73500000,CNY,安徽省芜湖市芜湖县湾沚镇安徽新芜经济开发区快速通道4999号,尼龙扎带、钢钉线卡、接线端子及其他塑料配件的研发、生产、销售,塑料配件、尼龙扎带、钢钉、线卡、压线帽、低压电器、汽车配件、灯具、接线端子、冷压端子、电子配件制造、加工、销售；自营或代理各类商品和技术的进出口业务，但国家限定或禁止的商品和技术除外,FALSE,FALSE,FALSE
430557,希芳阁,建筑业,660,较高,河南希芳阁绿化工程股份有限公司,"Henan Xifange Greening Engineering Project Co., Ltd.",私营企业,7/4/2009,10,王洋洋,20104320,CNY,河南省郑州市高新区长椿路11号Y6幢1单元1号,屋顶绿化、墙面绿化的设计和施工,园林绿化工程的设计、管理及施工;立体绿化工程设计及施工;屋顶绿化工程设计及施工;苗木、花卉、草坪的种植、技术研究、销售及租赁;环境工程的设计与施工。,FALSE,FALSE,FALSE
430559,新华通,信息传输、软件和信息技术服务业,524,低,珠海新华通软件股份有限公司,"ZHUHAI XINHUATONG SOFTWARE CO.,LTD.",私营企业,10/9/2009,10,南策云,58800000,CNY,广东省珠海市香洲区香洲运通路28号紫荆花园1栋2层办公,建设工程质量、安全监管系列管理软件的研发、生产、销售及服务。,软件开发、信息技术咨询服务、技术转让、技术培训;互联网信息服务;数据处理和存储服务;信息系统集成服务;安防监控系统工程;计算机网络工程;质量控制、质量检测;计算机软硬件及辅助设备、安防监控设备、物联网产品、电子产品、自动控制设备、仪器仪表、办公设备、机械设备、建筑材料、通讯设备的批发、零售;技术进出口、货物进出口、代理进出口。其他商业批发、零售。,FALSE,FALSE,FALSE
430569,安尔发,信息传输、软件和信息技术服务业,552,中,广东安尔发智能科技股份有限公司,"Dongguan TA-RF Security Electronic Technology Co., Ltd.",私营企业,11/1/2006,13,周永刚,86299000,CNY,广东省东莞市松山湖工业南路巷6号3栋308室,安防产品的核心电子设备及成品的设计开发、销售与技术服务,"电子信息产品、安防产品的技术开发、技术转让、技术咨询、技术服务与销售;批发业、零售业;信息技术研发和服务;会议展览服务;广告策划、设计、制作、发布;互联网信息服务;软件开发;计算机网络技术开发;设备安装、维修;计算机系统集成;批发、零售:机械设备、家用电器、电子元器件、五金交电、电子产品、文化用品、照相器材、计算机、软件及辅助设备、化妆品及卫生用品、化工产品(不含危险化学品及一类易制毒化学品)、日用百货、家具、金银珠宝首饰、避孕器具(避孕药除外)、新鲜水果、蔬菜、食盐、饲料、花卉、装饰材料、通讯设备、建筑材料、工艺礼品、钟表眼镜、玩具、汽车配件、机器人、仪器仪表、卫生洁具、陶瓷制品、橡胶及塑料制品、智能卡(不含金融卡)、化肥;零售、批发肉类;佣金代理(拍卖除外);摄影服务;仓储服务;经济信息咨询;教育咨询(不含出国留学及中介服务);企业管理咨询;区块链技术开发。(依法须经批准的项目,经相关部门批准后方可开展经营活动)",FALSE,FALSE,FALSE
430571,科硕科技,制造业,583,中,广东科硕科技股份有限公司,"Guangdong Keshuo Machinery Science and Technology Co., ltd.",私营企业,17/10/2006,13,叶美跃,5000000,CNY,广东省东莞市松山湖高新技术产业开发区工业南路6号松湖华科产业孵化园2栋512室,生产和研发锂电隔膜生产设备和电池生产相关设备,研发、产销:印刷机械、包装机械、塑料机械、隔膜机械、电子机械及电子材料、智能设备、机械配件。(生产另设分支机构经营),FALSE,FALSE,FALSE
430578,差旅天下,租赁和商务服务业,592,中,吉林省差旅天下网络技术股份有限公司,"Jilin Tripglobal Network Technology Co., Ltd.",私营企业,7/4/2010,9,张云松,36679998,CNY,吉林省长春市高新北区盛北大街3333号北湖科技园A15栋,公司主营业务包括差旅服务和软件产品销售。公司专注于为大型企事业单位集团、中小微企业和VIP个人客户量身打造差旅外包和差旅管理解决方案，利用软件、硬件综合技术，代替或接入大型企事业单位集团、中小微企业差旅管理系统，实现科学的、自动化的差旅管理和差旅采购目标。,计算机技术开发、技术服务、技术咨询；经济信息咨询；会议服务；承办展示展览；租赁汽车；翻译服务；广告设计、制作、代理、发布(烟草广告和固定形式印刷品广告除外)；企业形象策划；销售化妆品、办公用品、工艺品、计算机、软件及辅助设备、家用电器(以上各项法律、行政法规、国务院规定禁止的不准经营；需经专项审批的项目未经批准之前不准经营)。,FALSE,FALSE,FALSE
430593,华尔美特,制造业,642,较高,苏州华尔美特装饰材料股份有限公司,"Suzhou Wallmate Decoration Materials Co., Ltd.",私营企业,4/8/2009,10,桂军,38533333,CNY,江苏省苏州市吴江区黎里镇黎民北路东侧,墙纸生产及销售,许可经营项目：无。一般经营项目：墙纸生产、销售；家居饰品、装饰布、墙布、装饰纸、窗帘、地板、人造板、陶瓷、地砖、化工产品(不含化学危险品)销售；自营和代理各类商品及技术的进出口业务。,FALSE,FALSE,FALSE
430595,唐人通服,信息传输、软件和信息技术服务业,607,较高,唐人通信技术服务股份有限公司,"Tangren Communication Technologies Co., Ltd.",私营企业,10/3/2008,11,蒋勇,96933332,CNY,南昌市高新区高新七路918号综合办公楼10楼,通信网络代维和通信网络系统集成、通信网络工程设计和施工建设、通信网络规划及优化、软硬件开发等业务,通信及计算机网络设计、工程施工、安装、维护;通信管道建设、光电缆线路工程;通信信息网络系统集成;通信工程监理、招标代理;技术开发、技术推广、技术服务、技术转让、技术咨询;计算机软、硬件开发及销售;智能化工程、安防工程;各类天线、电力输配电机控制设备、电子元件及组件、电工器材、电气设备、集成电路、手机及软件的研发、销售;通信设备、配件产品、仪器仪表及软件的研发、安装、调试及销售;设备租赁;线缆销售、家电销售、电子产品、智能家居销售及安装;钢结构工程;建筑工程;装饰工程;电力工程。,FALSE,FALSE,FALSE
430600,徽电科技,制造业,651,较高,安徽徽电科技股份有限公司,"Anhui Huidian Science and Technology Co., Ltd.",私营企业,22/5/2008,11,王川,34560000,CNY,安徽省合肥市高新技术产业开发区合欢路26号,过电压、过电流保护类产品成套设备及相关元器件的研发、生产、销售和服务；以涡流驱动快速开关技术为核心，为客户提供保障供电高连续性、高可靠性的产品和系统解决方案。,电力电网新型电气设备、过电压保护设备、特种开关、新型电子元器件、电器材料研发、生产、销售；技术咨询服务；房屋租赁。,FALSE,FALSE,FALSE
430601,吉玛基因,科学研究和技术服务业,710,高,苏州吉玛基因股份有限公司,"Suzhou Genepharma Co.,Ltd",私营企业,27/8/2007,12,张佩琢,12104000,CNY,江苏省苏州市工业园区东平街199号,以RNA干扰技术为基础的基因生物制剂研发、生产及应用等。,基因药物和基因诊断试剂的技术研发；生化试剂及仪器的研发；提供相关产品的技术咨询、技术转让及技术服,FALSE,FALSE,FALSE
430638,景格科技,信息传输、软件和信息技术服务业,583,中,上海景格科技股份有限公司,"Shanghai Jingge Technology Co., Ltd.",私营企业,14/4/2006,13,郑玉宇,12000000,CNY,上海市普陀区交通路4711号11楼,职业教育虚拟仿真教学软件及专业教学服务,信息技术、汽车科技、计算机信息领域的技术开发、技术转让、技术咨询、技术服务；设计、制作各类广告，利用自有媒体发布广告；销售计算机软硬件(除计算机信息系统安全专用产品)；从事货物与技术的进出口业务；电子商务(不得从事增值电信、金融业务)；教学设备的研发与销售；实业投资，会务服务，社会经济咨询。(企业经营涉及行政许可的，凭许可证件经营),FALSE,FALSE,FALSE
430640,摩威环境,科学研究和技术服务业,537,低,上海摩威环境科技股份有限公司,"Shanghai Molway Environmental Science and Technology Co., Ltd.",私营企业,24/1/2006,13,丁明光,28129047,CNY,上海市徐汇区钦州北路1122号89栋8A,环境在线监测系统的开发、生产与销售，提供水环境及空气环境监测、运维服务。,"从事环境科技领域内的技术开发、技术转让、技术咨询、技术服务,检测监控设备、自动分析仪器仪表和相关的自动监测系统(除专控)、电子控制系统软硬件的设计、集成、生产制造(限分支机构)、安装工程、调试及销售,从事货物及技术的进出口业务。依法需要取得行政许可的,在取得相关许可后开展经营。",FALSE,FALSE,FALSE
430651,金豹实业,制造业,651,较高,上海金豹实业股份有限公司,"Shanghai Jinbao Industrial Co., Ltd.",私营企业,28/4/2007,12,陆兆明,35000000,CNY,上海市金山工业区漕廊公路3038号,橡塑类汽车零配件的研发、生产、销售,汽车部件(除发动机)，工业机械配件，家电配件，橡塑制品制造、加工、销售，从事货物进出口及技术进出口业务，自有房屋租赁，国内货物运输代理,FALSE,FALSE,FALSE
430654,聚科照明,制造业,765,高,广东聚科照明股份有限公司,"Guangdong LCLED Lighting Co., Ltd.",私营企业,14/1/2010,9,周建华,25000000,CNY,广东省江门市江海区金瓯路223号,大功率、SMD、COB LED器件及LED照明产品的研发、生产与销售，主要产品为照明LED器件。,研发、生产、加工、销售:照明灯饰及其配件、LED、半导体、网络摄像机及互联网监控设备;货物进出口(法律、行政法规禁止的项目除外;法律行政法规限制的项目须取得许可后方可经营),FALSE,FALSE,FALSE
430664,联合永道,信息传输、软件和信息技术服务业,710,高,北京联合永道软件股份有限公司,"Beijing Uwaysoft Co., Ltd.",私营企业,10/4/2007,12,冯国馨,41825900,CNY,北京市海淀区上地东路1号院3号楼6层,软件开发及信息技术外包等服务,技术开发、技术推广、技术转让、技术咨询、技术服务；计算机技术培训；计算机系统服务、数据处理、计算机维修；基础软件服务、应用软件服务；销售开发后产品、计算机、软件及辅助设备、机械设备、电子产品、通讯设备、仪器仪表、家用电器；电脑动画设计；经济贸易咨询、投资咨询、企业管理咨询。(未取得行政许可项目的除外),FALSE,FALSE,FALSE
430665,高衡力,制造业,537,低,广州市高衡力节能科技股份有限公司,"Guangzhou Goldcom Energy Conservation Technology Co., Ltd.",私营企业,29/12/2009,10,高嘉健,54216625,CNY,广东省广州市天河区黄埔大道中309号自编3-06,节能新技术与新产品开发，节能检测推广，优化节能方案设计及机电节能改造工程实施管理,研究开发：建筑节能控制设备及系统、电子产品、仪器仪表；安装：建筑节能控制设备及系统、楼宇自动化设备（不含安防技术产品）、电力照明设备、空调设备；建筑节能技术咨询、技术服务；批发和零售贸易（国家专营专控商品除外）；货物进出口、技术进出口（法律、行政法规禁止的项目除外，法律、行政法规限制的项目须取得许可证后方可经营）。,FALSE,FALSE,FALSE
430667,三多堂,文化、体育和娱乐业,750,高,北京三多堂传媒股份有限公司,"Beijing SDT Media Co., Ltd.",私营企业,13/4/2007,12,高晓蒙,21000000,CNY,北京市西城区鼓楼西大街41号三多堂办公楼,公司主要从事纪录片等非虚构类影视制作，以及纪录片发行与销售、著作权许可等衍生业务。,制作、发行动画片、专题片、电视综艺节目；音像制品零售、出租；零售图书、报纸、期刊、电子出版物。一般经营项目：组织文化艺术交流活动（不含营业性演出）；影视策划、企业策划；承办展览展示活动；会议服务；设计、制作、代理、发布广告；销售工艺品、日用品、服装、机械设备；影视设备租赁；电脑动画设计；货物进出口、技术进出口、代理进出口。,FALSE,FALSE,FALSE
430671,一卡易,信息传输、软件和信息技术服务业,778,高,深圳一卡易科技股份有限公司,"Shenzhen 1card1 Technology Co., Ltd.",私营企业,26/9/2006,13,黄宏华,5000000,CNY,广东省深圳市龙华新区民治街道民治大道与民旺路交汇处民治商务中心11楼1151、1152、1153、1155室,基于云计算的SaaS模式的会员管理系统软件的研发和销售。,许可经营项目：无。一般经营项目：计算机软硬件的技术开发与销售（不含专营、专控、专卖商品及限制项目）。,FALSE,FALSE,FALSE
430680,联兴科技,制造业,725,高,潍坊联兴新材料科技股份有限公司,"Weifang Lianxing New Material Technology Co., Ltd.",私营企业,3/8/2007,12,段圣增,80423100,CNY,山东省潍坊滨海经济开发区临港工业园临港路以西,煅烧石油焦及余热蒸汽的生产、销售,前置许可经营项目：供热(供热经营许可证有效期至2017年4月9日)。一般经营项目：生产、销售炭素制品(不含许可产品)。(以上均不含法律、法规限制和禁止经营的项目，需许可经营的凭许可或资质经营)。,FALSE,FALSE,FALSE
430691,赛邦发展,制造业,642,较高,深圳赛邦旅游发展股份有限公司,"Hefei Wheat and Rice Star Machinery Co., Ltd.",私营企业,10/9/2009,10,周敬文,5210000,CNY,安徽省合肥市包河区纬三路17号,谷物干燥机、农用机械及其他机械设备研发、组装、销售及配套服务,旅游景区开发;工艺品销售;旅游相关产品的技术开发及销售;旅游活动策划;文化活动策划;景区游览服务。,FALSE,FALSE,FALSE
430706,海芯华夏,信息传输、软件和信息技术服务业,651,较高,海芯华夏(北京)科技股份有限公司,"Haixin Huaxia (Beijing) Technology Co., Ltd.",私营企业,24/7/2008,11,苏和,46000000,CNY,北京市海淀区东北旺西路8号15号楼方舟大厦325室,主要从事涉农增值电信业务，销售推广自行开发后的设施农业物联网设备。,"技术开发、技术推广、技术转让、技术咨询、技术服务;产品设计;软件开发;计算机系统集成;数据处理(数据处理中的银行卡中心、PUE值在1.5以上的云计算数据中心除外);设计、制作、代理、发布广告;销售自行开发后的产品、机械设备;投资管理;资产管理;投资咨询;第二类增值电信业务中的信息服务业务(仅含移动网增值电信业务);互联网信息服务。(从事互联网信息服务以及依法须经批准的项目,经相关部门批准后依批准的内容开展经营活动。)",FALSE,FALSE,FALSE
430713,昌润钻石,制造业,710,高,山东昌润钻石股份有限公司,"CR Gems Diamond Co., Ltd.",国营或国有控股,15/8/2008,11,李正时,60000000,CNY,山东省聊城市卫育北路45号,超硬材料、超硬复合材料的研发、生产和销售,人造金刚石、人造金刚石工具、人造金刚石合成用石墨及配件、立方氮化硼及制品的生产销售及进出口业务(国家禁止进出口或限定公司经营的商品和技术除外)，超硬材料销售。(上述经营范围涉及行政许可或审批的，凭许可证或批准文件经营),FALSE,FALSE,FALSE
430714,奇才股份,制造业,660,较高,苏州奇才电子科技股份有限公司,"Suzhou QC-TECH Co., Ltd.",私营企业,4/6/2008,11,费福根,36274000,CNY,江苏省苏州市吴江区同里镇同兴村,电动汽车充电桩、汽车连接线、新能源汽车充电桩连接线的研发、生产、销售、采购,"电子产品研发;电脑、汽车连接线生产、销售;新能源充电桩、电器设备等新能源系统的设计、开发、采购、制造、装配及销售,与上述产品同类商品、电子元器件的批发、进出口,并提供相关配套服务;自营和代理各类商品及技术的进出口业务(国家限定企业经营或禁止进出口的商品和技术除外)。(依法须经批准的项目,经相关部门批准后方可开展经营活动)",FALSE,FALSE,FALSE
430718,合肥高科,制造业,710,高,合肥高科科技股份有限公司,"Hefei GaoCo Technology Co., Ltd.",私营企业,14/7/2009,10,胡翔,68000000,CNY,安徽省合肥市高新区柏堰科技园铭传路215号,彩晶玻璃面板、金属模具和冲压件的设计、研发、生产与销售业务,彩晶玻璃面板、金属模具、冲压件的设计、研发、生产及相关产品销售。,FALSE,FALSE,FALSE
430723,金源科技,制造业,596,中,广东金源科技股份有限公司,"Guangdong Kingreat Hitech Co., Ltd.",私营企业,27/9/2010,9,魏榕青,68000000,CNY,广东省汕头市濠江区三联工业区华天富工业园第4幢一层,热塑性弹性体、塑料制品的研发、生产、销售,"工业设备的技术研究开发;电子计算机软件开发;研发、制造、加工、销售:合成橡胶、陶瓷制品、工艺美术品、纸制品、塑料制品及原料、玩具、玻璃制品、不锈钢制品、模具;销售:五金交电、化工原料(危险化学品除外)、化工产品(危险化学品除外)、日用百货、电子计算机及配件、针纺织品、日用杂品、建筑材料、普通机械、电器机械及器材、汽车零部件、钢材;货物进出口、技术进出口。(依法须经批准的项目,经相关部门批准后方可开展经营活动)。",FALSE,FALSE,FALSE
430729,万里智能,制造业,524,低,宁波图骥科技股份有限公司,"Ningbo Tuji technoligy.Co.,Ltd.",私营企业,12/8/2009,10,毛良涛,21460000,CNY,浙江省宁波高新区创苑路750号软件产业园A座208室,交互式电子白板产品的研发、生产、销售，并提供以交互式电子白板产品为核心的交互式智能多媒体系统业务。,"智能教学装备、建筑智能化节能系统、城市管理系统智能化工程的设计、研发;智能化系统工程的施工及维护;自营或代理各类货物和技术的进出口业务,但国家限定经营或禁止进出口的货物和技术除外;电信业务经营;广播电视节目制作、发行;互联网地图服务(不含互联网地图和地理信息服务网站);文艺创作与表演;其他文化艺术业;测绘服务及测绘仪器销售;(依法须经批准的项目,经相关部门批准后方可开展经营活动)",FALSE,FALSE,FALSE
430731,凯地钻探,科学研究和技术服务业,583,中,凯地钻探(北京)股份有限公司,Kaidy Geological Exploration Corp.,私营企业,1/6/2007,12,杨金芳,10000000,CNY,北京市西城区高粱桥路6号A座办公楼8A1单元,地质勘探服务和钻机设备及配件销售,许可经营项目:地质钻探(地质勘查许可证有效期至2017年06月28日)。一般经营项目:研发、委托加工钻探设备及配件;销售钻探设备及配件、钻机;技术开发、技术服务、地质勘查技术培训、技术咨询、技术转让;货物进出口、技术进出口、代理进出口。,FALSE,FALSE,FALSE
430737,斯达科技,制造业,645,较高,无锡斯达新能源科技股份有限公司,"Eco Power(Wuxi) Co., Ltd.",私营企业,29/4/2008,11,张新忠,28000000,CNY,江苏省无锡市惠山区洛社镇人民南路312国道口,太阳能光伏、光电、信息技术行业相关半导体材料的电子工业专用加工设备的研发、生产和销售,"太阳能光伏产品的研究、开发;半导体材料、光伏设备及元器件、照明器件及配件、电气机械及器材、仪器仪表、电子产品及通信产品(不含卫星电视广播地面接收设施和发射装置)的销售;电子工业专用设备、金属切削机床、建筑材料生产专用机械、抛光垫的生产及销售。(上述经营范围涉及专项审批的,经批准后方可经营)。",FALSE,FALSE,FALSE
430746,七星科技,建筑业,651,较高,新疆七星建设科技股份有限公司,"Xinjiang Seven Star Construction and Technology Co., Ltd.",私营企业,8/12/2009,10,许宗国,93780000,CNY,新疆乌鲁木齐市经济技术开发区(头屯河区)融和北路718号,建筑工程施工、建筑工程设计、设备租赁,"许可经营项目:无;一般经营项目(国家法律、法规规定有专项审批的项目除外;需取得专项审批待取得有关部门的批准文件或颁发的行政许可证书后方可经营,具体经营项目期限以有关部门的批准文件和颁发的行政许可证为准):房屋建筑,装饰装潢,土石方工程施工,送电线路工程,市政公用工程,园林绿化工程,消防设施施工,钢结构工程,水利水电工程施工,起重设备安装,新型建材开发、生产,货物与技术的进出口业务,工程建设领域的技术开发、技术咨询、技术服务。",FALSE,FALSE,FALSE
430754,三态股份,信息传输、软件和信息技术服务业,763,高,三态电子商务股份有限公司,"SFC Holdings Co., Ltd.",私营企业,7/1/2008,11,ZHONGBIN SUN,670391223,CNY,北京市海淀区建材城西路85号院神州科技园A座四层,无线数字电视系统及关联产品的研发、销售和技术服务。,一般经营项目:技术开发、技术服务、技术推广、技术咨询;计算机系统服务;数据处理;销售计算机、软件及辅助设备。(未取得行政许可的项目除外),FALSE,FALSE,FALSE
430757,天翔昌运,制造业,592,中,北京天翔昌运科技股份有限公司,"Beijing Luckysoar Sci.&Tech Co., Ltd.",私营企业,29/10/2010,9,陈海平,47740000,CNY,北京市东城区东直门南大街9号华普花园D2102室,"环境健康技术的研发及应用,包括人居健康环境节能改造(地源热泵系统工程)及动物养殖环境改造(畜禽饮用水活化、畜禽养殖通风系统改造)。",施工总承包;技术开发;技术推广;技术转让;技术咨询;技术服务;技术中介服务;销售机械设备、五金、交电、电子产品。,FALSE,FALSE,FALSE
430759,凯路仕,制造业,583,中,广州凯路仕自行车运动时尚产业股份有限公司,"Guangzhou Crouns Bicycle Fashion Sports Co., Ltd.",私营企业,26/4/2010,9,邓永豪,242295760,CNY,广东省广州市黄埔区埔北路2号2栋2楼,"本公司专业从事自行车整车的研发设计和销售,主营“CRONUS” 和“TROPIX”两大系列品牌自行车。","生产、加工、销售:自行车及其零配件、五金产品、体育用品、玩具、机械设备(特种设备除外)、仪器仪表、工艺品;体育用品的技术研发、开发、销售:电子产品、服装服饰、箱包鞋帽、陶瓷、日用品、文具;体育用品维修;技术咨询、技术转让;计算机软、硬件研究、开发;自行车租赁;批发和零售贸易(国家专营专控商品除外);货物进出口、技术进出口(法律、行政法规禁止的项目除外;法律、行政法规规定需经审批的,经审批后方可经营)。",FALSE,FALSE,FALSE
430761,升禾环保,居民服务、修理和其他服务业,723,高,广西升禾环保科技股份有限公司,"GuangXi ShengHe Environmental Technology Co., Ltd.",私营企业,21/12/2009,10,全知音,28340000,CNY,广西壮族自治区柳州市柳东新区官塘创业园B区物业楼A1号2层,"城市道路保洁,垃圾收集、清运,环保设备的销售",环保设备的研发、销售、安装及技术咨询;城市道路清扫保洁、垃圾收集、清运;机械设备、五金交电、水暖器材、电子产品、环卫车的销售;室内外清洗保洁服务;物业服务;河道水面保洁;园林绿化养护;植物病虫害防治;生活垃圾、固体废弃物处置(危险废弃物除外)。,FALSE,FALSE,FALSE
430762,荣昌育种,农、林、牧、渔业,642,较高,山东荣昌育种股份有限公司,"Shandong Rongchang Breeding Co., Ltd.",私营企业,24/6/2008,11,吴文,169705050,CNY,山东省滨州市无棣县经济开发区205国道以南、开发三路以东,"纯种大约克猪、长白猪、杜洛克以及二元种猪(大约克与长白杂交)的繁育、饲养、销售,育肥猪的饲养、销售。","大约克猪、杜洛克猪、长白猪(二级)繁育、养殖、销售(有效期限以许可证为准);猪精液生产销售;饲料、兽药、兽用疫苗、液体消毒剂、饲料添加剂、微生态制剂、畜牧器械销售;猪场托管;猪场技术服务咨询;互联网信息服务;设计、代理、制作、发布广告;备案范围内的进出口业务(依法须经批准的项目,经相关部门批准后方可开展经营活动)。",FALSE,FALSE,FALSE
830771,华灿电讯,制造业,611,较高,江苏华灿电讯集团股份有限公司,"Jiangsu Huacan Telecommunications Group Co., Ltd.",私营企业,28/11/2007,12,吴灿华,67500000,CNY,江苏省南通市如皋市长江镇永福工业集中区(永福村五组),移动通信基站的天线及天馈系统附件产品的研发、生产和销售,许可经营项目:无。一般经营项目:移动通信基站天线(不含卫星电视地面接收及无线电发射设备)、天馈附件、射频同轴连接器、避雷器、通讯线缆(化工产品除外)、高低频线缆组件及五金配件和铜棒、铜件的研发、生产、销售;纸箱的加工、销售;自营和代理各类商品及技术的进出口业务(国家限定企业经营或者禁止进出口的商品和技术除外)。,FALSE,FALSE,FALSE
830775,吉华材料,制造业,704,高,杭州吉华高分子材料股份有限公司,"Hangzhou Jihua Polymer Material Co., Ltd.",私营企业,29/5/2008,11,杨泉明,33440000,CNY,杭州市萧山区红山农场创业路1063号,不沾涂料的研发、生产和销售,"生产:水性涂料,耐高温涂料,陶瓷涂料。不带存储经营:危险化学品及易制毒化学品(具体经营范围详见《危险化学品经营许可证》)。批发、零售:水性涂料,耐高温涂料,陶瓷涂料,化工产品(除危险化学品及易制毒化学品〕,日用品,五金交电,建材,金属材料;货物、技术进出口〔法律、法规禁止的项目除外,法律、法规限制的项目取得许可后方可经营)。",FALSE,FALSE,FALSE
830779,武汉蓝电,制造业,778,高,武汉市蓝电电子股份有限公司,"Wuhan LAND Electronic Co., Ltd.",私营企业,17/4/2007,12,吴伟,30000000,CNY,湖北省武汉市东湖新技术开发区汤逊湖北路38号国测科技总部空间3栋4层01号,电池测试设备的软硬件开发、生产和销售。,"软件开发,电脑及其配件、电子设备及配件生产、销售;电池及电池测试系统的研发及技术咨询、服务;货物进出口、技术进出口、代理进出口(不含国家禁止或限制进出口的货物或技术)。(上述经营范围中国家有专项规定的经审批后或凭许可证在核定期限内经营)。",FALSE,FALSE,FALSE
830783,广源精密,制造业,524,低,聊城广源精密机械制造股份有限公司,"Chiping Guangyuan Precision Machinery Co.,Ltd",私营企业,14/9/2011,8,孙作晶,33000000,CNY,山东省茌平县振兴街办事处吴官屯,"轮毂、压铸、注塑、冲压模具,汽车配件的设计与制作。","工业机械设备、模具、汽车零部件、塑胶产品、五金产品生产、制造、销售,进出口业务(需专项审批许可的,凭许可方可经营)。",FALSE,FALSE,FALSE
830784,威尔凯,制造业,583,中,威尔凯电气(上海)股份有限公司,"Wekai Electrical(shanghai) Share Co., Ltd.",私营企业,2/2/2008,11,余镕材,14280000,CNY,上海市奉贤区光大路211号,变频器、软起动器的生产与销售,"销售变频调速器、软起动器、自动化控制设备;生产软起动器、变频器。[企业经营涉及行政许可的,凭许可证件经营]",FALSE,FALSE,FALSE
830793,阿拉丁,制造业,765,高,上海阿拉丁生化科技股份有限公司,"Shanghai aladdin Biochemical Technology Co., Ltd.",私营企业,16/3/2009,10,徐久振,75700000,CNY,上海市浦东新金桥路196号601,试剂的研发、生产及销售。,"化学试剂、生物试剂、生物工程产品领域内的技术开发、技术咨询、技术服务、技术转让,仪器仪表、玻璃制品、化学试剂(含药物中间体、添加剂、生物试剂、电子化学品)的分装和批发、零售(除危险化学品、监控化学品、烟花爆竹、民用爆炸物品、易制毒化学品),批发危险化学品(许可范围详见许可证附页),从事货物进出口及技术进出口业务,医疗器械经营。【依法须经批准的项目,经相关部门批准后方可开展经营活动】",FALSE,FALSE,FALSE
830799,艾融软件,信息传输、软件和信息技术服务业,719,高,上海艾融软件股份有限公司,"Shanghai i2Finance Technology CO.,LTD.",私营企业,24/3/2009,10,吴臻,11200000,CNY,上海市浦东新区民生路1199弄1号楼508室,金融IT领域细分的互联网金融软件产品的技术开发及服务。,"信息科技、计算机软硬件技术领域内的技术开发、技术转让、技术咨询和技术服务,计算机系统集成,计算机软硬件及外围设备的销售,商务咨询,投资咨询、管理(依法须经批准的项目,经相关部门批准后方可展开经营活动)。",FALSE,FALSE,FALSE
830807,恒瑞能源,电力、热力、燃气及水生产和供应业,592,中,安徽恒瑞新能源股份有限公司,"Anhui Hengrui New Energy Co., Ltd.",私营企业,11/11/2008,11,王发文,100795257,CNY,安徽省六安市承接产业转移集中示范区新安大道与龙舒路交口,光伏电站投资运营、光伏电站工程EPC总包、光伏产品及机电产品销售等业务,"光伏电站的投资与运营,光伏电站工程EPC总包,光伏配套产品(包括光伏组件、光伏支架、逆变器、汇流箱、配电柜)的研发、制造与销售,机电设备及配套产品销售;自营和代理各类商品和技术进出口业务(除国家限定和禁止经营商品和技术);送变电工程、机电设备安装、城市及道路照明工程专业承包;新能源汽车充换电设备的研发、制造、销售、安装、服务、投资管理与咨询;电动公交车和电动汽车租赁(依法须经批准的项目,经相关部门批准后方可开展经营活动),售购电业务。",FALSE,FALSE,FALSE
830808,中智华体,文化、体育和娱乐业,524,低,中智华体(北京)科技股份有限公司,"China Intelligent Sports Technology Co., Ltd.",私营企业,6/12/2006,13,徐文海,12356000,CNY,北京市东城区左安门内大街8号伟图大厦206室,体育场馆工艺咨询、体育场馆专项设计、体育场馆智能化系统服务及体育赛事信息系统服务,前置许可经营项目:无。一般经营项目:技术开发、技术转让、技术咨询、技术服务;体育运动项目经营;专业承包;工程勘察设计;销售机械设备、电子产品;货物进出口、技术进出口、代理进出口。(未获得行政许可的项目除外),FALSE,FALSE,FALSE
830812,华实股份,租赁和商务服务业,778,高,大连华实教育咨询股份有限公司,"Dalian Yueban Media Co., Ltd.",私营企业,26/3/2009,10,徐志卫,19288000,CNY,辽宁省大连市中山区长江路123号长江写字楼1829-30号,旅游服务业务及广告业务,广告业务、电脑图文设计、庆典礼仪服务,FALSE,FALSE,FALSE
830814,浩博新材,制造业,524,低,江苏浩博新材料股份有限公司,"Jiangsu Haobo New Materials Co., Ltd.",私营企业,23/8/2007,12,陈金忠,60000000,CNY,江苏省江阴市徐霞客镇璜塘工业园区富业路8号,晶硅片金刚线切割废料综合利用业务,"晶硅片切割刃料的研究、开发、制造、加工、销售;纺织原料、纺织品、针织品、金属材料、建材、化工产品(不含危险品)、机械设备、五金交电、电子产品的销售;自营和代理各类商品及技术的进出口业务,但国家限定企业经营或禁止进出口的商品和技术除外;下列范围仅限分支机构经营:太阳能线切割砂浆的回收;碳化硅微粉、聚乙二醇、二氧化硅微粉的研究、开发、制造、加工、销售。",FALSE,FALSE,FALSE
